1453158002128,15,https://pizza.de/doe-diner-hamburg-hoheluftchaussee-131?lgs=140256&ed=808804
1453158002128,15,https://pizza.de/elb-diner-hamburg-billhorner-roehrendamm-98?lgs=140256&ed=808517
1453201201607,10,https://pizza.de/sushi-paradies-hamburg-wandsbeker-chaussee-29?lgs=140256&ed=724275
1453201201607,10,https://pizza.de/sushi-kaiser-hamburg-wexstr-27?lgs=140256&ed=720936
1453201201607,10,https://pizza.de/baccara-hamburg-ernst-merck-str-4?lgs=140256&ed=791022
1453201201607,12,https://pizza.de/best-urfa-hamburg-bramfelder-chaussee-191a?lgs=140256&ed=808715
1453201201607,10,https://pizza.de/blizzeria-hamburg-schlueterstr-86?lgs=140256&ed=808871
1453201201607,15,https://pizza.de/chipas-hamburg-oberstr-14c?lgs=140256&ed=804638
1453201201607,15,https://pizza.de/bella-roma-hamburg-adenauerallee-46?lgs=140256&ed=733658
1453201201607,10,https://pizza.de/bistro-belachan-hamburg-hoheluftchaussee-91?lgs=140256&ed=787035
1453201201607,13,https://pizza.de/doe-diner-hamburg-hoheluftchaussee-131?lgs=140256&ed=804461
1453204801243,10,https://pizza.de/sushi-paradies-hamburg-wandsbeker-chaussee-29?lgs=140256&ed=724275
1453204801243,12,https://pizza.de/best-urfa-hamburg-bramfelder-chaussee-191a?lgs=140256&ed=808715
1453204801243,15,https://pizza.de/chipas-hamburg-oberstr-14c?lgs=140256&ed=804638
1453204801243,15,https://pizza.de/bella-roma-hamburg-adenauerallee-46?lgs=140256&ed=733658
1453204801243,13,https://pizza.de/doe-diner-hamburg-hoheluftchaussee-131?lgs=140256&ed=804461
1453204801243,10,https://pizza.de/bistro-belachan-hamburg-hoheluftchaussee-91?lgs=140256&ed=787035
1453204801243,10,https://pizza.de/sushi-kaiser-hamburg-wexstr-27?lgs=140256&ed=720936
1453204801243,10,https://pizza.de/baccara-hamburg-ernst-merck-str-4?lgs=140256&ed=791022
1453222801192,10,https://pizza.de/yummybus-hamburg-lagerstr-15?lgs=140256&ed=788536
1453222801192,15,https://pizza.de/chipas-hamburg-oberstr-14c?lgs=140256&ed=804638
1453222801192,15,https://pizza.de/bella-roma-hamburg-adenauerallee-46?lgs=140256&ed=733661
1453222801192,13,https://pizza.de/onkel-lee-lieferservice-hamburg-spaldingstr-74?lgs=140256&ed=794879
1453222801192,10,https://pizza.de/bistro-belachan-hamburg-hoheluftchaussee-91?lgs=140256&ed=787035
1453222801192,10,https://pizza.de/sushi-paradies-hamburg-wandsbeker-chaussee-29?lgs=140256&ed=724275
1453222801192,20,https://pizza.de/sushiup-hamburg-gaertnerstr-68b?lgs=140256&ed=800210
1453222801192,14,https://pizza.de/asia-holiday-hamburg-ausschlaeger-weg-41?lgs=140256&ed=799899
1453222801192,10,https://pizza.de/gagga-hamburg-hamburg-friesenweg-1?lgs=140256&ed=799610
1453222801192,10,https://pizza.de/taj-mahal-hamburg-clemens-schultz-str-41?lgs=140256&ed=696547
1453222801192,10,https://pizza.de/oxmo-xxl-hamburg-bramfelder-str-97?lgs=140256&ed=784265
1453222801192,10,https://pizza.de/yummybus-hamburg-lagerstr-15?lgs=140256&ed=788536
1453222801192,10,https://pizza.de/baccara-hamburg-ernst-merck-str-4?lgs=140256&ed=791022
1453222801192,12,https://pizza.de/best-urfa-hamburg-bramfelder-chaussee-191a?lgs=140256&ed=808715
1453222801192,13,https://pizza.de/doe-diner-hamburg-hoheluftchaussee-131?lgs=140256&ed=804461
1453222801192,15,https://pizza.de/elb-diner-hamburg-billhorner-roehrendamm-98?lgs=140256&ed=808916
1453226401361,10,https://pizza.de/yummybus-hamburg-lagerstr-15?lgs=140256&ed=788536
1453226401361,10,https://pizza.de/sushi-paradies-hamburg-wandsbeker-chaussee-29?lgs=140256&ed=724275
1453226401361,15,https://pizza.de/chipas-hamburg-oberstr-14c?lgs=140256&ed=804638
1453226401361,15,https://pizza.de/bella-roma-hamburg-adenauerallee-46?lgs=140256&ed=733661
1453226401361,13,https://pizza.de/onkel-lee-lieferservice-hamburg-spaldingstr-74?lgs=140256&ed=809095
1453226401361,10,https://pizza.de/bistro-belachan-hamburg-hoheluftchaussee-91?lgs=140256&ed=787035
1453226401361,20,https://pizza.de/sushiup-hamburg-gaertnerstr-68b?lgs=140256&ed=800210
1453226401361,14,https://pizza.de/asia-holiday-hamburg-ausschlaeger-weg-41?lgs=140256&ed=799899
1453226401361,10,https://pizza.de/taj-mahal-hamburg-clemens-schultz-str-41?lgs=140256&ed=696547
1453226401361,10,https://pizza.de/oxmo-xxl-hamburg-bramfelder-str-97?lgs=140256&ed=784265
1453226401361,10,https://pizza.de/yummybus-hamburg-lagerstr-15?lgs=140256&ed=788536
1453226401361,10,https://pizza.de/baccara-hamburg-ernst-merck-str-4?lgs=140256&ed=791022
1453226401361,12,https://pizza.de/best-urfa-hamburg-bramfelder-chaussee-191a?lgs=140256&ed=808715
1453226401361,13,https://pizza.de/doe-diner-hamburg-hoheluftchaussee-131?lgs=140256&ed=804461
1453226401361,15,https://pizza.de/elb-diner-hamburg-billhorner-roehrendamm-98?lgs=140256&ed=808916
1453230001731,10,https://pizza.de/taj-mahal-hamburg-clemens-schultz-str-41?lgs=140256&ed=696547
1453230001731,10,https://pizza.de/oxmo-xxl-hamburg-bramfelder-str-97?lgs=140256&ed=784265
1453230001731,10,https://pizza.de/baccara-hamburg-ernst-merck-str-4?lgs=140256&ed=791022
1453230001731,15,https://pizza.de/best-urfa-hamburg-bramfelder-chaussee-191a?lgs=140256&ed=809198
1453230001731,15,https://pizza.de/chipas-hamburg-oberstr-14c?lgs=140256&ed=804638
1453230001731,15,https://pizza.de/bella-roma-hamburg-adenauerallee-46?lgs=140256&ed=733661
1453230001731,10,https://pizza.de/bistro-belachan-hamburg-hoheluftchaussee-91?lgs=140256&ed=787035
1453230001731,10,https://pizza.de/sushi-paradies-hamburg-wandsbeker-chaussee-29?lgs=140256&ed=724275
1453230001731,20,https://pizza.de/sushiup-hamburg-gaertnerstr-68b?lgs=140256&ed=800210
1453230001731,14,https://pizza.de/asia-holiday-hamburg-ausschlaeger-weg-41?lgs=140256&ed=799899
1453230001731,15,https://pizza.de/elb-diner-hamburg-billhorner-roehrendamm-98?lgs=140256&ed=808916
1453230001731,13,https://pizza.de/doe-diner-hamburg-hoheluftchaussee-131?lgs=140256&ed=804461
1453233601386,10,https://pizza.de/sushi-paradies-hamburg-wandsbeker-chaussee-29?lgs=140256&ed=724275
1453233601386,20,https://pizza.de/sushiup-hamburg-gaertnerstr-68b?lgs=140256&ed=800210
1453233601386,14,https://pizza.de/asia-holiday-hamburg-ausschlaeger-weg-41?lgs=140256&ed=799899
1453233601386,10,https://pizza.de/taj-mahal-hamburg-clemens-schultz-str-41?lgs=140256&ed=696547
1453233601386,10,https://pizza.de/oxmo-xxl-hamburg-bramfelder-str-97?lgs=140256&ed=784265
1453233601386,10,https://pizza.de/baccara-hamburg-ernst-merck-str-4?lgs=140256&ed=791022
1453233601386,15,https://pizza.de/best-urfa-hamburg-bramfelder-chaussee-191a?lgs=140256&ed=809198
1453233601386,15,https://pizza.de/chipas-hamburg-oberstr-14c?lgs=140256&ed=804638
1453233601386,15,https://pizza.de/bella-roma-hamburg-adenauerallee-46?lgs=140256&ed=733661
1453233601386,10,https://pizza.de/bistro-belachan-hamburg-hoheluftchaussee-91?lgs=140256&ed=787035
1453233601386,21,https://pizza.de/doe-diner-hamburg-hoheluftchaussee-131?lgs=140256&ed=809206
1453233601386,15,https://pizza.de/elb-diner-hamburg-billhorner-roehrendamm-98?lgs=140256&ed=808916
1453237201161,14,https://pizza.de/asia-holiday-hamburg-ausschlaeger-weg-41?lgs=140256&ed=799899
1453237201161,10,https://pizza.de/taj-mahal-hamburg-clemens-schultz-str-41?lgs=140256&ed=696547
1453237201161,10,https://pizza.de/oxmo-xxl-hamburg-bramfelder-str-97?lgs=140256&ed=784265
1453237201161,10,https://pizza.de/baccara-hamburg-ernst-merck-str-4?lgs=140256&ed=791022
1453237201161,15,https://pizza.de/bella-roma-hamburg-adenauerallee-46?lgs=140256&ed=733661
1453237201161,21,https://pizza.de/doe-diner-hamburg-hoheluftchaussee-131?lgs=140256&ed=809206
1453237201161,15,https://pizza.de/elb-diner-hamburg-billhorner-roehrendamm-98?lgs=140256&ed=808916
1453240801568,21,https://pizza.de/doe-diner-hamburg-hoheluftchaussee-131?lgs=140256&ed=809206
1453240801568,15,https://pizza.de/elb-diner-hamburg-billhorner-roehrendamm-98?lgs=140256&ed=808916
1453291202354,10,https://pizza.de/sushi-paradies-hamburg-wandsbeker-chaussee-29?lgs=140256&ed=724276
1453291202354,10,https://pizza.de/bistro-belachan-hamburg-hoheluftchaussee-91?lgs=140256&ed=787036
1453291202354,11,https://pizza.de/chipas-hamburg-oberstr-14c?lgs=140256&ed=809391
1453291202354,15,https://pizza.de/best-urfa-hamburg-bramfelder-chaussee-191a?lgs=140256&ed=809377
1453291202354,10,https://pizza.de/sushi-kaiser-hamburg-wexstr-27?lgs=140256&ed=720937
1453291202354,15,https://pizza.de/bella-roma-hamburg-adenauerallee-46?lgs=140256&ed=733659
1453291202354,10,https://pizza.de/baccara-hamburg-ernst-merck-str-4?lgs=140256&ed=791092
1453291202354,20,https://pizza.de/elb-diner-hamburg-billhorner-roehrendamm-98?lgs=140256&ed=805106
1453291202354,13,https://pizza.de/doe-diner-hamburg-hoheluftchaussee-131?lgs=140256&ed=805081
1453298401718,14,https://pizza.de/asia-holiday-hamburg-ausschlaeger-weg-41?lgs=140256&ed=799900
1453298401718,10,https://pizza.de/baccara-hamburg-ernst-merck-str-4?lgs=140256&ed=791092
1453298401718,10,https://pizza.de/bistro-belachan-hamburg-hoheluftchaussee-91?lgs=140256&ed=787036
1453298401718,11,https://pizza.de/chipas-hamburg-oberstr-14c?lgs=140256&ed=809391
1453298401718,10,https://pizza.de/mok-kitchen-hamburg-wexstr-23?lgs=140256&ed=771334
1453298401718,15,https://pizza.de/best-urfa-hamburg-bramfelder-chaussee-191a?lgs=140256&ed=809377
1453298401718,13,https://pizza.de/doe-diner-hamburg-hoheluftchaussee-131?lgs=140256&ed=805081
1453298401718,20,https://pizza.de/elb-diner-hamburg-billhorner-roehrendamm-98?lgs=140256&ed=805106
1453302001502,10,https://pizza.de/mok-kitchen-hamburg-wexstr-23?lgs=140256&ed=771334
1453302001502,15,https://pizza.de/best-urfa-hamburg-bramfelder-chaussee-191a?lgs=140256&ed=809377
1453302001502,10,https://pizza.de/blizzeria-hamburg-schlueterstr-86?lgs=140256&ed=809500
1453302001502,14,https://pizza.de/asia-holiday-hamburg-ausschlaeger-weg-41?lgs=140256&ed=799900
1453302001502,10,https://pizza.de/baccara-hamburg-ernst-merck-str-4?lgs=140256&ed=791092
1453302001502,10,https://pizza.de/bistro-belachan-hamburg-hoheluftchaussee-91?lgs=140256&ed=787036
1453302001502,11,https://pizza.de/chipas-hamburg-oberstr-14c?lgs=140256&ed=809391
1453302001502,15,https://pizza.de/sakana-sushi-hamburg-kieler-str-71?lgs=140256&ed=809487
1453302001502,13,https://pizza.de/doe-diner-hamburg-hoheluftchaussee-131?lgs=140256&ed=805081
1453302001502,20,https://pizza.de/elb-diner-hamburg-billhorner-roehrendamm-98?lgs=140256&ed=805106
1453305601588,10,https://pizza.de/yummybus-hamburg-lagerstr-15?lgs=140256&ed=788537
1453305601588,15,https://pizza.de/sen-dai-sushi-hamburg-kieler-str-269?lgs=140256&ed=766841
1453305601588,10,https://pizza.de/gagga-hamburg-hamburg-friesenweg-1?lgs=140256&ed=799611
1453305601588,10,https://pizza.de/bistro-belachan-hamburg-hoheluftchaussee-91?lgs=140256&ed=787036
1453305601588,11,https://pizza.de/chipas-hamburg-oberstr-14c?lgs=140256&ed=809391
1453305601588,15,https://pizza.de/sakana-sushi-hamburg-kieler-str-71?lgs=140256&ed=809487
1453305601588,10,https://pizza.de/mok-kitchen-hamburg-wexstr-23?lgs=140256&ed=771334
1453305601588,10,https://pizza.de/oxmo-xxl-hamburg-bramfelder-str-97?lgs=140256&ed=796162
1453305601588,15,https://pizza.de/best-urfa-hamburg-bramfelder-chaussee-191a?lgs=140256&ed=809377
1453305601588,13,https://pizza.de/onkel-lee-lieferservice-hamburg-spaldingstr-74?lgs=140256&ed=805314
1453305601588,10,https://pizza.de/yummybus-hamburg-lagerstr-15?lgs=140256&ed=788537
1453305601588,14,https://pizza.de/asia-holiday-hamburg-ausschlaeger-weg-41?lgs=140256&ed=799900
1453305601588,10,https://pizza.de/baccara-hamburg-ernst-merck-str-4?lgs=140256&ed=791092
1453305601588,20,https://pizza.de/sushiup-hamburg-gaertnerstr-68b?lgs=140256&ed=801354
1453305601588,20,https://pizza.de/elb-diner-hamburg-billhorner-roehrendamm-98?lgs=140256&ed=805106
1453305601588,13,https://pizza.de/doe-diner-hamburg-hoheluftchaussee-131?lgs=140256&ed=805081
1453309201733,10,https://pizza.de/yummybus-hamburg-lagerstr-15?lgs=140256&ed=788537
1453309201733,10,https://pizza.de/yummybus-hamburg-lagerstr-15?lgs=140256&ed=788537
1453309201733,14,https://pizza.de/asia-holiday-hamburg-ausschlaeger-weg-41?lgs=140256&ed=799900
1453309201733,10,https://pizza.de/baccara-hamburg-ernst-merck-str-4?lgs=140256&ed=791092
1453309201733,20,https://pizza.de/sushiup-hamburg-gaertnerstr-68b?lgs=140256&ed=801354
1453309201733,15,https://pizza.de/sen-dai-sushi-hamburg-kieler-str-269?lgs=140256&ed=766841
1453309201733,10,https://pizza.de/gagga-hamburg-hamburg-friesenweg-1?lgs=140256&ed=799611
1453309201733,10,https://pizza.de/bistro-belachan-hamburg-hoheluftchaussee-91?lgs=140256&ed=787036
1453309201733,10,https://pizza.de/taj-mahal-hamburg-clemens-schultz-str-41?lgs=140256&ed=696540
1453309201733,11,https://pizza.de/chipas-hamburg-oberstr-14c?lgs=140256&ed=809391
1453309201733,15,https://pizza.de/sakana-sushi-hamburg-kieler-str-71?lgs=140256&ed=809487
1453309201733,10,https://pizza.de/sushi-paradies-hamburg-wandsbeker-chaussee-29?lgs=140256&ed=724276
1453309201733,10,https://pizza.de/oxmo-xxl-hamburg-bramfelder-str-97?lgs=140256&ed=796162
1453309201733,15,https://pizza.de/best-urfa-hamburg-bramfelder-chaussee-191a?lgs=140256&ed=809377
1453309201733,11,https://pizza.de/little-buddha-lieferservice-hamburg-hellkamp-11?lgs=140256&ed=809630
1453309201733,15,https://pizza.de/bella-roma-hamburg-adenauerallee-46?lgs=140256&ed=733662
1453309201733,13,https://pizza.de/doe-diner-hamburg-hoheluftchaussee-131?lgs=140256&ed=805081
1453309201733,20,https://pizza.de/elb-diner-hamburg-billhorner-roehrendamm-98?lgs=140256&ed=805106
1453312802165,10,https://pizza.de/yummybus-hamburg-lagerstr-15?lgs=140256&ed=788537
1453312802165,11,https://pizza.de/little-buddha-lieferservice-hamburg-hellkamp-11?lgs=140256&ed=809630
1453312802165,14,https://pizza.de/onkel-lee-lieferservice-hamburg-spaldingstr-74?lgs=140256&ed=809713
1453312802165,15,https://pizza.de/bella-roma-hamburg-adenauerallee-46?lgs=140256&ed=733662
1453312802165,10,https://pizza.de/yummybus-hamburg-lagerstr-15?lgs=140256&ed=788537
1453312802165,14,https://pizza.de/asia-holiday-hamburg-ausschlaeger-weg-41?lgs=140256&ed=799900
1453312802165,10,https://pizza.de/baccara-hamburg-ernst-merck-str-4?lgs=140256&ed=791092
1453312802165,20,https://pizza.de/sushiup-hamburg-gaertnerstr-68b?lgs=140256&ed=801354
1453312802165,15,https://pizza.de/sen-dai-sushi-hamburg-kieler-str-269?lgs=140256&ed=766841
1453312802165,10,https://pizza.de/bistro-belachan-hamburg-hoheluftchaussee-91?lgs=140256&ed=787036
1453312802165,10,https://pizza.de/taj-mahal-hamburg-clemens-schultz-str-41?lgs=140256&ed=696540
1453312802165,11,https://pizza.de/chipas-hamburg-oberstr-14c?lgs=140256&ed=809391
1453312802165,15,https://pizza.de/sakana-sushi-hamburg-kieler-str-71?lgs=140256&ed=809487
1453312802165,10,https://pizza.de/sushi-paradies-hamburg-wandsbeker-chaussee-29?lgs=140256&ed=724276
1453312802165,10,https://pizza.de/oxmo-xxl-hamburg-bramfelder-str-97?lgs=140256&ed=796162
1453312802165,15,https://pizza.de/best-urfa-hamburg-bramfelder-chaussee-191a?lgs=140256&ed=809377
1453312802165,13,https://pizza.de/doe-diner-hamburg-hoheluftchaussee-131?lgs=140256&ed=805081
1453312802165,20,https://pizza.de/elb-diner-hamburg-billhorner-roehrendamm-98?lgs=140256&ed=805106
1453316401751,10,https://pizza.de/oxmo-xxl-hamburg-bramfelder-str-97?lgs=140256&ed=796162
1453316401751,15,https://pizza.de/best-urfa-hamburg-bramfelder-chaussee-191a?lgs=140256&ed=809377
1453316401751,11,https://pizza.de/little-buddha-lieferservice-hamburg-hellkamp-11?lgs=140256&ed=809630
1453316401751,14,https://pizza.de/asia-holiday-hamburg-ausschlaeger-weg-41?lgs=140256&ed=799900
1453316401751,10,https://pizza.de/baccara-hamburg-ernst-merck-str-4?lgs=140256&ed=791092
1453316401751,20,https://pizza.de/sushiup-hamburg-gaertnerstr-68b?lgs=140256&ed=801354
1453316401751,15,https://pizza.de/sen-dai-sushi-hamburg-kieler-str-269?lgs=140256&ed=766841
1453316401751,10,https://pizza.de/bistro-belachan-hamburg-hoheluftchaussee-91?lgs=140256&ed=787036
1453316401751,10,https://pizza.de/taj-mahal-hamburg-clemens-schultz-str-41?lgs=140256&ed=696540
1453316401751,11,https://pizza.de/chipas-hamburg-oberstr-14c?lgs=140256&ed=809391
1453316401751,10,https://pizza.de/sushi-paradies-hamburg-wandsbeker-chaussee-29?lgs=140256&ed=724276
1453316401751,13,https://pizza.de/doe-diner-hamburg-hoheluftchaussee-131?lgs=140256&ed=805081
1453316401751,20,https://pizza.de/elb-diner-hamburg-billhorner-roehrendamm-98?lgs=140256&ed=805106
1453327203216,13,https://pizza.de/doe-diner-hamburg-hoheluftchaussee-131?lgs=140256&ed=805081
1453327203216,20,https://pizza.de/elb-diner-hamburg-billhorner-roehrendamm-98?lgs=140256&ed=805106
1453330802293,13,https://pizza.de/doe-diner-hamburg-hoheluftchaussee-131?lgs=140256&ed=805081
1453330802293,20,https://pizza.de/elb-diner-hamburg-billhorner-roehrendamm-98?lgs=140256&ed=805106
1453485601514,10,https://pizza.de/yummybus-hamburg-lagerstr-15?lgs=140256&ed=788528
1453485601514,14,https://pizza.de/asia-holiday-hamburg-ausschlaeger-weg-41?lgs=140256&ed=799902
1453485601514,15,https://pizza.de/sen-dai-sushi-hamburg-kieler-str-269?lgs=140256&ed=766843
1453485601514,10,https://pizza.de/taj-mahal-hamburg-clemens-schultz-str-41?lgs=140256&ed=713638
1453485601514,20,https://pizza.de/chipas-hamburg-oberstr-14c?lgs=140256&ed=810613
1453485601514,20,https://pizza.de/sushiup-hamburg-gaertnerstr-68b?lgs=140256&ed=800011
1453485601514,15,https://pizza.de/best-urfa-hamburg-bramfelder-chaussee-191a?lgs=140256&ed=810522
1453485601514,10,https://pizza.de/oxmo-xxl-hamburg-bramfelder-str-97?lgs=140256&ed=806393
1453485601514,11,https://pizza.de/little-buddha-lieferservice-hamburg-hellkamp-11?lgs=140256&ed=810065
1453485601514,10,https://pizza.de/sushi-paradies-hamburg-wandsbeker-chaussee-29?lgs=140256&ed=724272
1453485601514,10,https://pizza.de/yummybus-hamburg-lagerstr-15?lgs=140256&ed=788528
1453485601514,20,https://pizza.de/sakana-sushi-hamburg-kieler-str-71?lgs=140256&ed=810762
1453485601514,10,https://pizza.de/baccara-hamburg-ernst-merck-str-4?lgs=140256&ed=802188
1453485601514,20,https://pizza.de/elb-diner-hamburg-billhorner-roehrendamm-98?lgs=140256&ed=810581
1453489201848,10,https://pizza.de/sushi-paradies-hamburg-wandsbeker-chaussee-29?lgs=140256&ed=724272
1453489201848,20,https://pizza.de/sakana-sushi-hamburg-kieler-str-71?lgs=140256&ed=810762
1453489201848,10,https://pizza.de/baccara-hamburg-ernst-merck-str-4?lgs=140256&ed=802188
1453489201848,14,https://pizza.de/asia-holiday-hamburg-ausschlaeger-weg-41?lgs=140256&ed=799902
1453489201848,15,https://pizza.de/sen-dai-sushi-hamburg-kieler-str-269?lgs=140256&ed=766843
1453489201848,10,https://pizza.de/taj-mahal-hamburg-clemens-schultz-str-41?lgs=140256&ed=713638
1453489201848,20,https://pizza.de/chipas-hamburg-oberstr-14c?lgs=140256&ed=810613
1453489201848,20,https://pizza.de/sushiup-hamburg-gaertnerstr-68b?lgs=140256&ed=800011
1453489201848,15,https://pizza.de/best-urfa-hamburg-bramfelder-chaussee-191a?lgs=140256&ed=810522
1453489201848,10,https://pizza.de/oxmo-xxl-hamburg-bramfelder-str-97?lgs=140256&ed=806393
1453489201848,11,https://pizza.de/little-buddha-lieferservice-hamburg-hellkamp-11?lgs=140256&ed=810065
1453489201848,20,https://pizza.de/elb-diner-hamburg-billhorner-roehrendamm-98?lgs=140256&ed=810581
1453557601703,10,https://pizza.de/mok-kitchen-hamburg-wexstr-23?lgs=140256&ed=771339
1453557601703,10,https://pizza.de/baccara-hamburg-ernst-merck-str-4?lgs=140256&ed=789442
1453557601703,15,https://pizza.de/best-urfa-hamburg-bramfelder-chaussee-191a?lgs=140256&ed=811138
1453557601703,25,https://pizza.de/doe-diner-hamburg-hoheluftchaussee-131?lgs=140256&ed=807450
1453662001782,10,https://pizza.de/sushi-paradies-hamburg-wandsbeker-chaussee-29?lgs=140256&ed=724274
1453662001782,10,https://pizza.de/taj-mahal-hamburg-clemens-schultz-str-41?lgs=140256&ed=713640
1453662001782,12,https://pizza.de/sakana-sushi-hamburg-kieler-str-71?lgs=140256&ed=812170
1453662001782,11,https://pizza.de/curry-lounge-hamburg-steindamm-79?lgs=140256&ed=812123
1453662001782,10,https://pizza.de/sen-dai-sushi-hamburg-kieler-str-269?lgs=140256&ed=766845
1453662001782,14,https://pizza.de/asia-holiday-hamburg-ausschlaeger-weg-41?lgs=140256&ed=799904
1453662001782,15,https://pizza.de/chipas-hamburg-oberstr-14c?lgs=140256&ed=807801
1453662001782,15,https://pizza.de/best-urfa-hamburg-bramfelder-chaussee-191a?lgs=140256&ed=812155
1453662001782,15,https://pizza.de/bella-roma-hamburg-adenauerallee-46?lgs=140256&ed=753647
1453662001782,10,https://pizza.de/baccara-hamburg-ernst-merck-str-4?lgs=140256&ed=790007
1453662001782,15,https://pizza.de/pamir-kebab-hamburg-carl-petersen-str-74?lgs=140256&ed=812021
1453662001782,11,https://pizza.de/little-buddha-lieferservice-hamburg-hellkamp-11?lgs=140256&ed=811902
1453662001782,20,https://pizza.de/sushiup-hamburg-gaertnerstr-68b?lgs=140256&ed=812232
1453662001782,10,https://pizza.de/oxmo-xxl-hamburg-bramfelder-str-97?lgs=140256&ed=790474
1453662001782,16,https://pizza.de/neu-delhi-hamburg-suederstr-288?lgs=140256&ed=812122
1453662001782,20,https://pizza.de/doe-diner-hamburg-hoheluftchaussee-131?lgs=140256&ed=812194
1453662001782,20,https://pizza.de/elb-diner-hamburg-billhorner-roehrendamm-98?lgs=140256&ed=807808
1453672802290,20,https://pizza.de/elb-diner-hamburg-billhorner-roehrendamm-98?lgs=140256&ed=807808
1453672802290,20,https://pizza.de/doe-diner-hamburg-hoheluftchaussee-131?lgs=140256&ed=812194
1453723202322,15,https://pizza.de/bella-roma-hamburg-adenauerallee-46?lgs=140256&ed=733667
1453723202322,12,https://pizza.de/chipas-hamburg-oberstr-14c?lgs=140256&ed=812377
1453723202322,10,https://pizza.de/sushi-paradies-hamburg-wandsbeker-chaussee-29?lgs=140256&ed=724267
1453723202322,10,https://pizza.de/sushi-kaiser-hamburg-wexstr-27?lgs=140256&ed=720935
1453723202322,10,https://pizza.de/baccara-hamburg-ernst-merck-str-4?lgs=140256&ed=790632
1453723202322,15,https://pizza.de/elb-diner-hamburg-billhorner-roehrendamm-98?lgs=140256&ed=808517
1453730401720,10,https://pizza.de/baccara-hamburg-ernst-merck-str-4?lgs=140256&ed=790632
1453730401720,10,https://pizza.de/mok-kitchen-hamburg-wexstr-23?lgs=140256&ed=771337
1453730401720,14,https://pizza.de/asia-holiday-hamburg-ausschlaeger-weg-41?lgs=140256&ed=799905
1453730401720,16,https://pizza.de/chipas-hamburg-oberstr-14c?lgs=140256&ed=812537
1453730401720,15,https://pizza.de/doe-diner-hamburg-hoheluftchaussee-131?lgs=140256&ed=812526
1453730401720,15,https://pizza.de/elb-diner-hamburg-billhorner-roehrendamm-98?lgs=140256&ed=808517
1453734001400,14,https://pizza.de/asia-holiday-hamburg-ausschlaeger-weg-41?lgs=140256&ed=799905
1453734001400,16,https://pizza.de/chipas-hamburg-oberstr-14c?lgs=140256&ed=812537
1453734001400,10,https://pizza.de/oxmo-xxl-hamburg-bramfelder-str-97?lgs=140256&ed=784264
1453734001400,10,https://pizza.de/baccara-hamburg-ernst-merck-str-4?lgs=140256&ed=790632
1453734001400,10,https://pizza.de/mok-kitchen-hamburg-wexstr-23?lgs=140256&ed=771337
1453734001400,10,https://pizza.de/blizzeria-hamburg-schlueterstr-86?lgs=140256&ed=812598
1453734001400,15,https://pizza.de/doe-diner-hamburg-hoheluftchaussee-131?lgs=140256&ed=812526
1453734001400,15,https://pizza.de/elb-diner-hamburg-billhorner-roehrendamm-98?lgs=140256&ed=808517
1453737601785,10,https://pizza.de/yummybus-hamburg-lagerstr-15?lgs=140256&ed=788535
1453737601785,10,https://pizza.de/gagga-hamburg-hamburg-friesenweg-1?lgs=140256&ed=799615
1453737601785,12,https://pizza.de/pamir-kebab-hamburg-carl-petersen-str-74?lgs=140256&ed=812617
1453737601785,14,https://pizza.de/asia-holiday-hamburg-ausschlaeger-weg-41?lgs=140256&ed=799905
1453737601785,16,https://pizza.de/chipas-hamburg-oberstr-14c?lgs=140256&ed=812537
1453737601785,10,https://pizza.de/oxmo-xxl-hamburg-bramfelder-str-97?lgs=140256&ed=784264
1453737601785,10,https://pizza.de/yummybus-hamburg-lagerstr-15?lgs=140256&ed=788535
1453737601785,10,https://pizza.de/baccara-hamburg-ernst-merck-str-4?lgs=140256&ed=790632
1453737601785,15,https://pizza.de/sen-dai-sushi-hamburg-kieler-str-269?lgs=140256&ed=766839
1453737601785,10,https://pizza.de/mok-kitchen-hamburg-wexstr-23?lgs=140256&ed=771337
1453737601785,20,https://pizza.de/sushiup-hamburg-gaertnerstr-68b?lgs=140256&ed=800013
1453737601785,15,https://pizza.de/elb-diner-hamburg-billhorner-roehrendamm-98?lgs=140256&ed=808517
1453737601785,15,https://pizza.de/doe-diner-hamburg-hoheluftchaussee-131?lgs=140256&ed=812526
1453741201841,10,https://pizza.de/yummybus-hamburg-lagerstr-15?lgs=140256&ed=788535
1453741201841,10,https://pizza.de/sushi-paradies-hamburg-wandsbeker-chaussee-29?lgs=140256&ed=724267
1453741201841,20,https://pizza.de/sushiup-hamburg-gaertnerstr-68b?lgs=140256&ed=800013
1453741201841,15,https://pizza.de/bella-roma-hamburg-adenauerallee-46?lgs=140256&ed=733668
1453741201841,10,https://pizza.de/china-imbiss-mr-hang-hamburg-mundsburger-damm-23?lgs=140256&ed=791263
1453741201841,10,https://pizza.de/gagga-hamburg-hamburg-friesenweg-1?lgs=140256&ed=799615
1453741201841,12,https://pizza.de/pamir-kebab-hamburg-carl-petersen-str-74?lgs=140256&ed=812617
1453741201841,11,https://pizza.de/little-buddha-lieferservice-hamburg-hellkamp-11?lgs=140256&ed=812658
1453741201841,14,https://pizza.de/asia-holiday-hamburg-ausschlaeger-weg-41?lgs=140256&ed=799905
1453741201841,16,https://pizza.de/chipas-hamburg-oberstr-14c?lgs=140256&ed=812537
1453741201841,10,https://pizza.de/oxmo-xxl-hamburg-bramfelder-str-97?lgs=140256&ed=784264
1453741201841,10,https://pizza.de/taj-mahal-hamburg-clemens-schultz-str-41?lgs=140256&ed=696546
1453741201841,10,https://pizza.de/yummybus-hamburg-lagerstr-15?lgs=140256&ed=788535
1453741201841,10,https://pizza.de/baccara-hamburg-ernst-merck-str-4?lgs=140256&ed=790632
1453741201841,15,https://pizza.de/sen-dai-sushi-hamburg-kieler-str-269?lgs=140256&ed=766839
1453741201841,20,https://pizza.de/doe-diner-hamburg-hoheluftchaussee-131?lgs=140256&ed=812640
1453741201841,15,https://pizza.de/elb-diner-hamburg-billhorner-roehrendamm-98?lgs=140256&ed=808517
1453744801858,10,https://pizza.de/yummybus-hamburg-lagerstr-15?lgs=140256&ed=788535
1453744801858,10,https://pizza.de/sushi-paradies-hamburg-wandsbeker-chaussee-29?lgs=140256&ed=724267
1453744801858,10,https://pizza.de/baccara-hamburg-ernst-merck-str-4?lgs=140256&ed=790632
1453744801858,15,https://pizza.de/sen-dai-sushi-hamburg-kieler-str-269?lgs=140256&ed=766839
1453744801858,20,https://pizza.de/sushiup-hamburg-gaertnerstr-68b?lgs=140256&ed=800013
1453744801858,15,https://pizza.de/bella-roma-hamburg-adenauerallee-46?lgs=140256&ed=733668
1453744801858,10,https://pizza.de/china-imbiss-mr-hang-hamburg-mundsburger-damm-23?lgs=140256&ed=791263
1453744801858,11,https://pizza.de/little-buddha-lieferservice-hamburg-hellkamp-11?lgs=140256&ed=812658
1453744801858,14,https://pizza.de/asia-holiday-hamburg-ausschlaeger-weg-41?lgs=140256&ed=799905
1453744801858,16,https://pizza.de/chipas-hamburg-oberstr-14c?lgs=140256&ed=812537
1453744801858,10,https://pizza.de/oxmo-xxl-hamburg-bramfelder-str-97?lgs=140256&ed=784264
1453744801858,10,https://pizza.de/taj-mahal-hamburg-clemens-schultz-str-41?lgs=140256&ed=696546
1453744801858,10,https://pizza.de/yummybus-hamburg-lagerstr-15?lgs=140256&ed=788535
1453744801858,20,https://pizza.de/doe-diner-hamburg-hoheluftchaussee-131?lgs=140256&ed=812640
1453744801858,15,https://pizza.de/elb-diner-hamburg-billhorner-roehrendamm-98?lgs=140256&ed=808517
1453748401986,15,https://pizza.de/bella-roma-hamburg-adenauerallee-46?lgs=140256&ed=733668
1453748401986,10,https://pizza.de/sushi-paradies-hamburg-wandsbeker-chaussee-29?lgs=140256&ed=724267
1453748401986,20,https://pizza.de/chipas-hamburg-oberstr-14c?lgs=140256&ed=812843
1453748401986,13,https://pizza.de/onkel-lee-lieferservice-hamburg-spaldingstr-74?lgs=140256&ed=808704
1453748401986,10,https://pizza.de/oxmo-xxl-hamburg-bramfelder-str-97?lgs=140256&ed=784264
1453748401986,10,https://pizza.de/taj-mahal-hamburg-clemens-schultz-str-41?lgs=140256&ed=696546
1453748401986,10,https://pizza.de/baccara-hamburg-ernst-merck-str-4?lgs=140256&ed=790632
1453748401986,15,https://pizza.de/sen-dai-sushi-hamburg-kieler-str-269?lgs=140256&ed=766839
1453748401986,20,https://pizza.de/sushiup-hamburg-gaertnerstr-68b?lgs=140256&ed=800013
1453748401986,11,https://pizza.de/little-buddha-lieferservice-hamburg-hellkamp-11?lgs=140256&ed=812658
1453748401986,14,https://pizza.de/asia-holiday-hamburg-ausschlaeger-weg-41?lgs=140256&ed=799905
1453748401986,20,https://pizza.de/doe-diner-hamburg-hoheluftchaussee-131?lgs=140256&ed=812640
1453748401986,15,https://pizza.de/elb-diner-hamburg-billhorner-roehrendamm-98?lgs=140256&ed=808517
1453752001875,10,https://pizza.de/sushi-paradies-hamburg-wandsbeker-chaussee-29?lgs=140256&ed=724267
1453752001875,15,https://pizza.de/bella-roma-hamburg-adenauerallee-46?lgs=140256&ed=733668
1453752001875,11,https://pizza.de/little-buddha-lieferservice-hamburg-hellkamp-11?lgs=140256&ed=812658
1453752001875,14,https://pizza.de/asia-holiday-hamburg-ausschlaeger-weg-41?lgs=140256&ed=799905
1453752001875,20,https://pizza.de/chipas-hamburg-oberstr-14c?lgs=140256&ed=812843
1453752001875,10,https://pizza.de/oxmo-xxl-hamburg-bramfelder-str-97?lgs=140256&ed=784264
1453752001875,10,https://pizza.de/taj-mahal-hamburg-clemens-schultz-str-41?lgs=140256&ed=696546
1453752001875,10,https://pizza.de/baccara-hamburg-ernst-merck-str-4?lgs=140256&ed=790632
1453752001875,15,https://pizza.de/sen-dai-sushi-hamburg-kieler-str-269?lgs=140256&ed=766839
1453752001875,20,https://pizza.de/sushiup-hamburg-gaertnerstr-68b?lgs=140256&ed=800013
1453752001875,15,https://pizza.de/elb-diner-hamburg-billhorner-roehrendamm-98?lgs=140256&ed=808517
1453755602673,15,https://pizza.de/bella-roma-hamburg-adenauerallee-46?lgs=140256&ed=733668
1453755602673,14,https://pizza.de/asia-holiday-hamburg-ausschlaeger-weg-41?lgs=140256&ed=799905
1453755602673,10,https://pizza.de/oxmo-xxl-hamburg-bramfelder-str-97?lgs=140256&ed=784264
1453755602673,10,https://pizza.de/taj-mahal-hamburg-clemens-schultz-str-41?lgs=140256&ed=696546
1453755602673,10,https://pizza.de/baccara-hamburg-ernst-merck-str-4?lgs=140256&ed=790632
1453755602673,15,https://pizza.de/sen-dai-sushi-hamburg-kieler-str-269?lgs=140256&ed=766839
1453755602673,15,https://pizza.de/elb-diner-hamburg-billhorner-roehrendamm-98?lgs=140256&ed=808517
1453759202635,15,https://pizza.de/elb-diner-hamburg-billhorner-roehrendamm-98?lgs=140256&ed=808517
1453762804418,15,https://pizza.de/elb-diner-hamburg-billhorner-roehrendamm-98?lgs=140256&ed=808517
1453802401752,10,https://pizza.de/sushi-kaiser-hamburg-wexstr-27?lgs=140256&ed=720936
