1482879602321,16,https://pizza.de/lieferservice/hamburg/restaurant-malik-pizza-hamburg-sandweg-11/44896/
1482883201197,16,https://pizza.de/lieferservice/hamburg/restaurant-malik-pizza-hamburg-sandweg-11/44896/
1482883201197,10,https://pizza.de/lieferservice/hamburg/restaurant-bistro-belachan-hamburg-hoheluftchaussee-911/40134/
1482886801329,16,https://pizza.de/lieferservice/hamburg/restaurant-malik-pizza-hamburg-sandweg-11/44896/
1482886801329,10,https://pizza.de/lieferservice/hamburg/restaurant-bistro-belachan-hamburg-hoheluftchaussee-911/40134/
1482894002044,16,https://pizza.de/lieferservice/hamburg/restaurant-malik-pizza-hamburg-sandweg-11/44896/
1482901201866,10,https://pizza.de/lieferservice/hamburg/restaurant-blizzeria-hamburg-schlueterstr-861/7943/
1482901201866,16,https://pizza.de/lieferservice/hamburg/restaurant-malik-pizza-hamburg-sandweg-11/44896/
1482901201866,10,https://pizza.de/lieferservice/hamburg/restaurant-bistro-belachan-hamburg-hoheluftchaussee-911/40134/
1482904801369,10,https://pizza.de/lieferservice/hamburg/restaurant-blizzeria-hamburg-schlueterstr-861/7943/
1482904801369,16,https://pizza.de/lieferservice/hamburg/restaurant-malik-pizza-hamburg-sandweg-11/44896/
1482904801369,10,https://pizza.de/lieferservice/hamburg/restaurant-bistro-belachan-hamburg-hoheluftchaussee-911/40134/
1482912002583,10,https://pizza.de/lieferservice/hamburg/restaurant-blizzeria-hamburg-schlueterstr-861/7943/
1482912002583,16,https://pizza.de/lieferservice/hamburg/restaurant-malik-pizza-hamburg-sandweg-11/44896/
1482912002583,10,https://pizza.de/lieferservice/hamburg/restaurant-bistro-belachan-hamburg-hoheluftchaussee-911/40134/
1482915601704,10,https://pizza.de/lieferservice/hamburg/restaurant-blizzeria-hamburg-schlueterstr-861/7943/
1482915601704,16,https://pizza.de/lieferservice/hamburg/restaurant-malik-pizza-hamburg-sandweg-11/44896/
1482915601704,10,https://pizza.de/lieferservice/hamburg/restaurant-bistro-belachan-hamburg-hoheluftchaussee-911/40134/
1482919201589,10,https://pizza.de/lieferservice/hamburg/restaurant-blizzeria-hamburg-schlueterstr-861/7943/
1482919201589,16,https://pizza.de/lieferservice/hamburg/restaurant-malik-pizza-hamburg-sandweg-11/44896/
1482919201589,16,https://pizza.deundefined
1482919201589,10,https://pizza.deundefined
1482926401434,10,https://pizza.de/lieferservice/hamburg/restaurant-blizzeria-hamburg-schlueterstr-861/7943/
1482926401434,10,https://pizza.de/lieferservice/hamburg/restaurant-bistro-belachan-hamburg-hoheluftchaussee-911/40134/
1482926401434,16,https://pizza.deundefined
1482926401434,10,https://pizza.deundefined
1482926401434,10,https://pizza.deundefined
1482926401434,10,https://pizza.deundefined
1482926401434,10,https://pizza.deundefined
1482926401434,10,https://pizza.de/lieferservice/hamburg/restaurant-sushi-hanoi-hamburg-beim-strohhause-81/44023/
1482926401434,16,https://pizza.de/lieferservice/hamburg/restaurant-malik-pizza-hamburg-sandweg-11/44896/
1482926401434,10,https://pizza.de/lieferservice/hamburg/restaurant-sushi-kaiser-hamburg-wexstr-271/37452/
1482937201746,10,https://pizza.de/lieferservice/hamburg/restaurant-blizzeria-hamburg-schlueterstr-861/7943/
1482937201746,10,https://pizza.de/lieferservice/hamburg/restaurant-sushi-hanoi-hamburg-beim-strohhause-81/44023/
1482937201746,16,https://pizza.de/lieferservice/hamburg/restaurant-malik-pizza-hamburg-sandweg-11/44896/
1482937201746,10,https://pizza.de/lieferservice/hamburg/restaurant-oxmo-xxl-hamburg-bramfelder-str-971/40598/
1482937201746,10,https://pizza.de/lieferservice/hamburg/restaurant-mok-kitchen-hamburg-wexstr-231/37142/
1482937201746,12,https://pizza.de/lieferservice/hamburg/restaurant-onkel-lee-lieferservice-hamburg-spaldingstr-741/37263/
1482937201746,16,https://pizza.deundefined
1482937201746,12,https://pizza.deundefined
1482937201746,10,https://pizza.deundefined
1482937201746,10,https://pizza.deundefined
1482937201746,10,https://pizza.deundefined
1482937201746,10,https://pizza.deundefined
1482955201546,10,https://pizza.de/lieferservice/hamburg/restaurant-blizzeria-hamburg-schlueterstr-861/7943/
1482955201546,10,https://pizza.de/lieferservice/hamburg/restaurant-sushi-hanoi-hamburg-beim-strohhause-81/44023/
1482955201546,16,https://pizza.de/lieferservice/hamburg/restaurant-malik-pizza-hamburg-sandweg-11/44896/
1482955201546,10,https://pizza.de/lieferservice/hamburg/restaurant-oxmo-xxl-hamburg-bramfelder-str-971/40598/
1482955201546,10,https://pizza.de/lieferservice/hamburg/restaurant-curry-lounge-hamburg-steindamm-791/35745/
1482955201546,16,https://pizza.deundefined
1482955201546,10,https://pizza.deundefined
1482955201546,10,https://pizza.deundefined
1482955201546,10,https://pizza.deundefined
1482955201546,10,https://pizza.deundefined
1482966001895,16,https://pizza.de/lieferservice/hamburg/restaurant-malik-pizza-hamburg-sandweg-11/44896/
1482966001895,10,https://pizza.de/lieferservice/hamburg/restaurant-bistro-belachan-hamburg-hoheluftchaussee-911/40134/
1482976801711,16,https://pizza.de/lieferservice/hamburg/restaurant-malik-pizza-hamburg-sandweg-11/44896/
1482980401465,16,https://pizza.de/lieferservice/hamburg/restaurant-malik-pizza-hamburg-sandweg-11/44896/
1482984001249,16,https://pizza.de/lieferservice/hamburg/restaurant-malik-pizza-hamburg-sandweg-11/44896/
1482984001249,10,https://pizza.de/lieferservice/hamburg/restaurant-bistro-belachan-hamburg-hoheluftchaussee-911/40134/
1482987603092,10,https://pizza.de/lieferservice/hamburg/restaurant-blizzeria-hamburg-schlueterstr-861/7943/
1482987603092,16,https://pizza.de/lieferservice/hamburg/restaurant-malik-pizza-hamburg-sandweg-11/44896/
1482987603092,10,https://pizza.de/lieferservice/hamburg/restaurant-bistro-belachan-hamburg-hoheluftchaussee-911/40134/
1482998401809,10,https://pizza.de/lieferservice/hamburg/restaurant-blizzeria-hamburg-schlueterstr-861/7943/
1482998401809,16,https://pizza.de/lieferservice/hamburg/restaurant-malik-pizza-hamburg-sandweg-11/44896/
1482998401809,10,https://pizza.de/lieferservice/hamburg/restaurant-bistro-belachan-hamburg-hoheluftchaussee-911/40134/
1483005601165,10,https://pizza.de/lieferservice/hamburg/restaurant-blizzeria-hamburg-schlueterstr-861/7943/
1483005601165,16,https://pizza.de/lieferservice/hamburg/restaurant-malik-pizza-hamburg-sandweg-11/44896/
1483005601165,16,https://pizza.deundefined
1483005601165,10,https://pizza.deundefined
1483009201227,10,https://pizza.de/lieferservice/hamburg/restaurant-blizzeria-hamburg-schlueterstr-861/7943/
1483009201227,10,https://pizza.de/lieferservice/hamburg/restaurant-sushi-hanoi-hamburg-beim-strohhause-81/44023/
1483009201227,16,https://pizza.de/lieferservice/hamburg/restaurant-malik-pizza-hamburg-sandweg-11/44896/
1483009201227,10,https://pizza.de/lieferservice/hamburg/restaurant-bistro-belachan-hamburg-hoheluftchaussee-911/40134/
1483009201227,15,https://pizza.de/lieferservice/hamburg/restaurant-restaurant-zala/39895/
1483009201227,16,https://pizza.deundefined
1483009201227,15,https://pizza.deundefined
1483009201227,10,https://pizza.deundefined
1483009201227,10,https://pizza.deundefined
1483009201227,10,https://pizza.deundefined
1483012801075,10,https://pizza.de/lieferservice/hamburg/restaurant-blizzeria-hamburg-schlueterstr-861/7943/
1483012801075,10,https://pizza.de/lieferservice/hamburg/restaurant-sushi-hanoi-hamburg-beim-strohhause-81/44023/
1483012801075,16,https://pizza.de/lieferservice/hamburg/restaurant-malik-pizza-hamburg-sandweg-11/44896/
1483012801075,10,https://pizza.de/lieferservice/hamburg/restaurant-bistro-belachan-hamburg-hoheluftchaussee-911/40134/
1483012801075,15,https://pizza.de/lieferservice/hamburg/restaurant-restaurant-zala/39895/
1483012801075,16,https://pizza.deundefined
1483012801075,15,https://pizza.deundefined
1483012801075,10,https://pizza.deundefined
1483012801075,10,https://pizza.deundefined
1483012801075,10,https://pizza.deundefined
1483016401383,10,https://pizza.de/lieferservice/hamburg/restaurant-blizzeria-hamburg-schlueterstr-861/7943/
1483016401383,10,https://pizza.de/lieferservice/hamburg/restaurant-sushi-hanoi-hamburg-beim-strohhause-81/44023/
1483016401383,16,https://pizza.de/lieferservice/hamburg/restaurant-malik-pizza-hamburg-sandweg-11/44896/
1483016401383,10,https://pizza.de/lieferservice/hamburg/restaurant-mok-kitchen-hamburg-wexstr-231/37142/
1483016401383,10,https://pizza.de/lieferservice/hamburg/restaurant-bistro-belachan-hamburg-hoheluftchaussee-911/40134/
1483016401383,15,https://pizza.de/lieferservice/hamburg/restaurant-restaurant-zala/39895/
1483016401383,16,https://pizza.deundefined
1483016401383,15,https://pizza.deundefined
1483016401383,10,https://pizza.deundefined
1483016401383,10,https://pizza.deundefined
1483016401383,10,https://pizza.deundefined
1483016401383,10,https://pizza.deundefined
1483020001175,10,https://pizza.de/lieferservice/hamburg/restaurant-blizzeria-hamburg-schlueterstr-861/7943/
1483020001175,16,https://pizza.deundefined
1483020001175,10,https://pizza.de/lieferservice/hamburg/restaurant-sushi-hanoi-hamburg-beim-strohhause-81/44023/
1483020001175,10,https://pizza.deundefined
1483020001175,10,https://pizza.deundefined
1483020001175,10,https://pizza.deundefined
1483020001175,16,https://pizza.de/lieferservice/hamburg/restaurant-malik-pizza-hamburg-sandweg-11/44896/
1483020001175,10,https://pizza.de/lieferservice/hamburg/restaurant-mok-kitchen-hamburg-wexstr-231/37142/
1483059601962,16,https://pizza.de/lieferservice/hamburg/restaurant-malik-pizza-hamburg-sandweg-11/44896/
1483059601962,10,https://pizza.de/lieferservice/hamburg/restaurant-bistro-belachan-hamburg-hoheluftchaussee-911/40134/
1483063201548,16,https://pizza.de/lieferservice/hamburg/restaurant-malik-pizza-hamburg-sandweg-11/44896/
1483070402073,16,https://pizza.de/lieferservice/hamburg/restaurant-malik-pizza-hamburg-sandweg-11/44896/
1483070402073,10,https://pizza.de/lieferservice/hamburg/restaurant-bistro-belachan-hamburg-hoheluftchaussee-911/40134/
1483077601412,10,https://pizza.de/lieferservice/hamburg/restaurant-blizzeria-hamburg-schlueterstr-861/7943/
1483077601412,16,https://pizza.de/lieferservice/hamburg/restaurant-malik-pizza-hamburg-sandweg-11/44896/
1483077601412,10,https://pizza.de/lieferservice/hamburg/restaurant-bistro-belachan-hamburg-hoheluftchaussee-911/40134/
1483081201450,10,https://pizza.de/lieferservice/hamburg/restaurant-blizzeria-hamburg-schlueterstr-861/7943/
1483081201450,16,https://pizza.de/lieferservice/hamburg/restaurant-malik-pizza-hamburg-sandweg-11/44896/
1483081201450,10,https://pizza.de/lieferservice/hamburg/restaurant-bistro-belachan-hamburg-hoheluftchaussee-911/40134/
1483084801743,10,https://pizza.de/lieferservice/hamburg/restaurant-blizzeria-hamburg-schlueterstr-861/7943/
1483084801743,16,https://pizza.de/lieferservice/hamburg/restaurant-malik-pizza-hamburg-sandweg-11/44896/
1483084801743,10,https://pizza.de/lieferservice/hamburg/restaurant-bistro-belachan-hamburg-hoheluftchaussee-911/40134/
1483088402250,10,https://pizza.de/lieferservice/hamburg/restaurant-blizzeria-hamburg-schlueterstr-861/7943/
1483088402250,16,https://pizza.de/lieferservice/hamburg/restaurant-malik-pizza-hamburg-sandweg-11/44896/
1483088402250,10,https://pizza.de/lieferservice/hamburg/restaurant-bistro-belachan-hamburg-hoheluftchaussee-911/40134/
1483092001107,10,https://pizza.de/lieferservice/hamburg/restaurant-blizzeria-hamburg-schlueterstr-861/7943/
1483092001107,16,https://pizza.de/lieferservice/hamburg/restaurant-malik-pizza-hamburg-sandweg-11/44896/
1483092001107,16,https://pizza.deundefined
1483092001107,10,https://pizza.deundefined
1483095601151,10,https://pizza.de/lieferservice/hamburg/restaurant-blizzeria-hamburg-schlueterstr-861/7943/
1483095601151,10,https://pizza.de/lieferservice/hamburg/restaurant-sushi-hanoi-hamburg-beim-strohhause-81/44023/
1483095601151,16,https://pizza.de/lieferservice/hamburg/restaurant-malik-pizza-hamburg-sandweg-11/44896/
1483095601151,10,https://pizza.de/lieferservice/hamburg/restaurant-bistro-belachan-hamburg-hoheluftchaussee-911/40134/
1483095601151,15,https://pizza.de/lieferservice/hamburg/restaurant-restaurant-zala/39895/
1483095601151,16,https://pizza.deundefined
1483095601151,15,https://pizza.deundefined
1483095601151,10,https://pizza.deundefined
1483095601151,10,https://pizza.deundefined
1483095601151,10,https://pizza.deundefined
1483099201964,10,https://pizza.de/lieferservice/hamburg/restaurant-blizzeria-hamburg-schlueterstr-861/7943/
1483099201964,10,https://pizza.de/lieferservice/hamburg/restaurant-sushi-hanoi-hamburg-beim-strohhause-81/44023/
1483099201964,16,https://pizza.de/lieferservice/hamburg/restaurant-malik-pizza-hamburg-sandweg-11/44896/
1483099201964,10,https://pizza.de/lieferservice/hamburg/restaurant-bistro-belachan-hamburg-hoheluftchaussee-911/40134/
1483099201964,15,https://pizza.de/lieferservice/hamburg/restaurant-restaurant-zala/39895/
1483099201964,16,https://pizza.deundefined
1483099201964,15,https://pizza.deundefined
1483099201964,10,https://pizza.deundefined
1483099201964,10,https://pizza.deundefined
1483099201964,10,https://pizza.deundefined
1483102801732,10,https://pizza.de/lieferservice/hamburg/restaurant-blizzeria-hamburg-schlueterstr-861/7943/
1483102801732,10,https://pizza.de/lieferservice/hamburg/restaurant-sushi-hanoi-hamburg-beim-strohhause-81/44023/
1483102801732,16,https://pizza.de/lieferservice/hamburg/restaurant-malik-pizza-hamburg-sandweg-11/44896/
1483102801732,10,https://pizza.de/lieferservice/hamburg/restaurant-mok-kitchen-hamburg-wexstr-231/37142/
1483102801732,10,https://pizza.de/lieferservice/hamburg/restaurant-bistro-belachan-hamburg-hoheluftchaussee-911/40134/
1483102801732,15,https://pizza.de/lieferservice/hamburg/restaurant-restaurant-zala/39895/
1483102801732,16,https://pizza.deundefined
1483102801732,15,https://pizza.deundefined
1483102801732,10,https://pizza.deundefined
1483102801732,10,https://pizza.deundefined
1483102801732,10,https://pizza.deundefined
1483102801732,10,https://pizza.deundefined
1483110002217,10,https://pizza.de/lieferservice/hamburg/restaurant-blizzeria-hamburg-schlueterstr-861/7943/
1483110002217,16,https://pizza.de/lieferservice/hamburg/restaurant-malik-pizza-hamburg-sandweg-11/44896/
1483110002217,10,https://pizza.de/lieferservice/hamburg/restaurant-oxmo-xxl-hamburg-bramfelder-str-971/40598/
1483110002217,10,https://pizza.de/lieferservice/hamburg/restaurant-mok-kitchen-hamburg-wexstr-231/37142/
1483110002217,16,https://pizza.deundefined
1483110002217,10,https://pizza.deundefined
1483110002217,10,https://pizza.deundefined
1483110002217,10,https://pizza.deundefined
1483113601347,10,https://pizza.de/lieferservice/hamburg/restaurant-blizzeria-hamburg-schlueterstr-861/7943/
1483113601347,16,https://pizza.de/lieferservice/hamburg/restaurant-malik-pizza-hamburg-sandweg-11/44896/
1483113601347,10,https://pizza.de/lieferservice/hamburg/restaurant-oxmo-xxl-hamburg-bramfelder-str-971/40598/
1483113601347,10,https://pizza.de/lieferservice/hamburg/restaurant-mok-kitchen-hamburg-wexstr-231/37142/
1483113601347,10,https://pizza.de/lieferservice/hamburg/restaurant-bistro-belachan-hamburg-hoheluftchaussee-911/40134/
1483113601347,10,https://pizza.de/lieferservice/hamburg/restaurant-asia-express-hamburg-grosse-bahnstr-981/38802/
1483113601347,10,https://pizza.de/lieferservice/hamburg/restaurant-bombay-inn-hamburg-grosse-bahnstr-981/38801/
1483113601347,16,https://pizza.deundefined
1483113601347,10,https://pizza.deundefined
1483113601347,10,https://pizza.deundefined
1483113601347,10,https://pizza.deundefined
1483113601347,10,https://pizza.deundefined
1483113601347,10,https://pizza.deundefined
1483113601347,10,https://pizza.deundefined
1483117201469,10,https://pizza.de/lieferservice/hamburg/restaurant-blizzeria-hamburg-schlueterstr-861/7943/
1483117201469,16,https://pizza.de/lieferservice/hamburg/restaurant-malik-pizza-hamburg-sandweg-11/44896/
1483117201469,10,https://pizza.de/lieferservice/hamburg/restaurant-oxmo-xxl-hamburg-bramfelder-str-971/40598/
1483117201469,10,https://pizza.de/lieferservice/hamburg/restaurant-curry-lounge-hamburg-steindamm-791/35745/
1483117201469,10,https://pizza.de/lieferservice/hamburg/restaurant-bistro-belachan-hamburg-hoheluftchaussee-911/40134/
1483117201469,10,https://pizza.de/lieferservice/hamburg/restaurant-asia-express-hamburg-grosse-bahnstr-981/38802/
1483117201469,16,https://pizza.deundefined
1483117201469,10,https://pizza.deundefined
1483117201469,10,https://pizza.deundefined
1483117201469,10,https://pizza.deundefined
1483117201469,10,https://pizza.deundefined
1483117201469,10,https://pizza.deundefined
1483120801212,10,https://pizza.de/lieferservice/hamburg/restaurant-blizzeria-hamburg-schlueterstr-861/7943/
1483120801212,16,https://pizza.de/lieferservice/hamburg/restaurant-malik-pizza-hamburg-sandweg-11/44896/
1483120801212,10,https://pizza.de/lieferservice/hamburg/restaurant-oxmo-xxl-hamburg-bramfelder-str-971/40598/
1483120801212,10,https://pizza.de/lieferservice/hamburg/restaurant-curry-lounge-hamburg-steindamm-791/35745/
1483120801212,10,https://pizza.de/lieferservice/hamburg/restaurant-bistro-belachan-hamburg-hoheluftchaussee-911/40134/
1483120801212,10,https://pizza.de/lieferservice/hamburg/restaurant-asia-express-hamburg-grosse-bahnstr-981/38802/
1483120801212,16,https://pizza.deundefined
1483120801212,10,https://pizza.deundefined
1483120801212,10,https://pizza.deundefined
1483120801212,10,https://pizza.deundefined
1483120801212,10,https://pizza.deundefined
1483120801212,10,https://pizza.deundefined
1483124401603,10,https://pizza.de/lieferservice/hamburg/restaurant-blizzeria-hamburg-schlueterstr-861/7943/
1483124401603,16,https://pizza.de/lieferservice/hamburg/restaurant-malik-pizza-hamburg-sandweg-11/44896/
1483124401603,10,https://pizza.de/lieferservice/hamburg/restaurant-oxmo-xxl-hamburg-bramfelder-str-971/40598/
1483124401603,10,https://pizza.de/lieferservice/hamburg/restaurant-curry-lounge-hamburg-steindamm-791/35745/
1483124401603,10,https://pizza.de/lieferservice/hamburg/restaurant-bistro-belachan-hamburg-hoheluftchaussee-911/40134/
1483124401603,16,https://pizza.deundefined
1483124401603,10,https://pizza.deundefined
1483124401603,10,https://pizza.deundefined
1483124401603,10,https://pizza.deundefined
1483124401603,10,https://pizza.deundefined
1483128002020,10,https://pizza.de/lieferservice/hamburg/restaurant-blizzeria-hamburg-schlueterstr-861/7943/
1483128002020,16,https://pizza.de/lieferservice/hamburg/restaurant-malik-pizza-hamburg-sandweg-11/44896/
1483128002020,10,https://pizza.de/lieferservice/hamburg/restaurant-oxmo-xxl-hamburg-bramfelder-str-971/40598/
1483128002020,10,https://pizza.de/lieferservice/hamburg/restaurant-curry-lounge-hamburg-steindamm-791/35745/
1483128002020,10,https://pizza.de/lieferservice/hamburg/restaurant-bistro-belachan-hamburg-hoheluftchaussee-911/40134/
1483128002020,10,https://pizza.de/lieferservice/hamburg/restaurant-asia-express-hamburg-grosse-bahnstr-981/38802/
1483128002020,16,https://pizza.deundefined
1483128002020,10,https://pizza.deundefined
1483128002020,10,https://pizza.deundefined
1483128002020,10,https://pizza.deundefined
1483128002020,10,https://pizza.deundefined
1483128002020,10,https://pizza.deundefined
1483131602043,10,https://pizza.de/lieferservice/hamburg/restaurant-blizzeria-hamburg-schlueterstr-861/7943/
1483131602043,16,https://pizza.de/lieferservice/hamburg/restaurant-malik-pizza-hamburg-sandweg-11/44896/
1483131602043,10,https://pizza.de/lieferservice/hamburg/restaurant-oxmo-xxl-hamburg-bramfelder-str-971/40598/
1483131602043,10,https://pizza.de/lieferservice/hamburg/restaurant-curry-lounge-hamburg-steindamm-791/35745/
1483131602043,25,https://pizza.de/lieferservice/hamburg/restaurant-sen-dai-sushi-hamburg-kieler-str-2691/37608/
1483131602043,25,https://pizza.deundefined
1483131602043,16,https://pizza.deundefined
1483131602043,10,https://pizza.deundefined
1483131602043,10,https://pizza.deundefined
1483131602043,10,https://pizza.deundefined
1483135202023,16,https://pizza.de/lieferservice/hamburg/restaurant-malik-pizza-hamburg-sandweg-11/44896/
1483135202023,10,https://pizza.de/lieferservice/hamburg/restaurant-oxmo-xxl-hamburg-bramfelder-str-971/40598/
1483135202023,16,https://pizza.deundefined
1483135202023,10,https://pizza.deundefined
1483138802547,16,https://pizza.de/lieferservice/hamburg/restaurant-malik-pizza-hamburg-sandweg-11/44896/
1483138802547,10,https://pizza.de/lieferservice/hamburg/restaurant-bistro-belachan-hamburg-hoheluftchaussee-911/40134/
1483142401895,16,https://pizza.de/lieferservice/hamburg/restaurant-malik-pizza-hamburg-sandweg-11/44896/
1483142401895,10,https://pizza.de/lieferservice/hamburg/restaurant-bistro-belachan-hamburg-hoheluftchaussee-911/40134/
1483146001156,16,https://pizza.de/lieferservice/hamburg/restaurant-malik-pizza-hamburg-sandweg-11/44896/
1483146001156,10,https://pizza.de/lieferservice/hamburg/restaurant-bistro-belachan-hamburg-hoheluftchaussee-911/40134/
1483149601713,16,https://pizza.de/lieferservice/hamburg/restaurant-malik-pizza-hamburg-sandweg-11/44896/
1483156801901,16,https://pizza.de/lieferservice/hamburg/restaurant-malik-pizza-hamburg-sandweg-11/44896/
1483156801901,10,https://pizza.de/lieferservice/hamburg/restaurant-bistro-belachan-hamburg-hoheluftchaussee-911/40134/
1483178402423,10,https://pizza.de/lieferservice/hamburg/restaurant-blizzeria-hamburg-schlueterstr-861/7943/
1483178402423,16,https://pizza.de/lieferservice/hamburg/restaurant-malik-pizza-hamburg-sandweg-11/44896/
1483192801386,16,https://pizza.de/lieferservice/hamburg/restaurant-malik-pizza-hamburg-sandweg-11/44896/
1483192801386,10,https://pizza.de/lieferservice/hamburg/restaurant-mok-kitchen-hamburg-wexstr-231/37142/
1483192801386,10,https://pizza.de/lieferservice/hamburg/restaurant-bombay-inn-hamburg-grosse-bahnstr-981/38801/
1483192801386,10,https://pizza.de/lieferservice/hamburg/restaurant-asia-express-hamburg-grosse-bahnstr-981/38802/
1483192801386,10,https://pizza.de/lieferservice/hamburg/restaurant-pizza-express-hamburg-grosse-bahnstr-984/38800/
1483192801386,10,https://pizza.de/lieferservice/hamburg/restaurant-blizzeria-hamburg-schlueterstr-861/7943/
1483192801386,16,https://pizza.deundefined
1483192801386,10,https://pizza.deundefined
1483192801386,10,https://pizza.deundefined
1483192801386,10,https://pizza.deundefined
1483192801386,10,https://pizza.deundefined
1483210802144,10,https://pizza.de/lieferservice/hamburg/restaurant-oxmo-xxl-hamburg-bramfelder-str-971/40598/
1483210802144,10,https://pizza.de/lieferservice/hamburg/restaurant-curry-lounge-hamburg-steindamm-791/35745/
1483210802144,11,https://pizza.de/lieferservice/hamburg/restaurant-little-buddha-lieferservice-hamburg-hellkamp-111/30250/
1483210802144,10,https://pizza.de/lieferservice/hamburg/restaurant-blizzeria-hamburg-schlueterstr-861/7943/
1483210802144,16,https://pizza.de/lieferservice/hamburg/restaurant-malik-pizza-hamburg-sandweg-11/44896/
1483210802144,11,https://pizza.deundefined
1483210802144,10,https://pizza.deundefined
1483210802144,10,https://pizza.deundefined
1483214401008,10,https://pizza.de/lieferservice/hamburg/restaurant-oxmo-xxl-hamburg-bramfelder-str-971/40598/
1483214401008,10,https://pizza.de/lieferservice/hamburg/restaurant-curry-lounge-hamburg-steindamm-791/35745/
1483214401008,11,https://pizza.de/lieferservice/hamburg/restaurant-little-buddha-lieferservice-hamburg-hellkamp-111/30250/
1483214401008,15,https://pizza.de/lieferservice/hamburg/restaurant-bella-roma-hamburg-adenauerallee-461/38881/
1483214401008,10,https://pizza.de/lieferservice/hamburg/restaurant-blizzeria-hamburg-schlueterstr-861/7943/
1483214401008,16,https://pizza.de/lieferservice/hamburg/restaurant-malik-pizza-hamburg-sandweg-11/44896/
1483214401008,15,https://pizza.deundefined
1483214401008,11,https://pizza.deundefined
1483214401008,10,https://pizza.deundefined
1483214401008,10,https://pizza.deundefined
1483221601960,16,https://pizza.de/lieferservice/hamburg/restaurant-malik-pizza-hamburg-sandweg-11/44896/
1483246801501,10,https://pizza.de/lieferservice/hamburg/restaurant-blizzeria-hamburg-schlueterstr-861/7943/
1483246801501,16,https://pizza.de/lieferservice/hamburg/restaurant-malik-pizza-hamburg-sandweg-11/44896/
1483268402308,10,https://pizza.de/lieferservice/hamburg/restaurant-blizzeria-hamburg-schlueterstr-861/7943/
1483268402308,16,https://pizza.de/lieferservice/hamburg/restaurant-malik-pizza-hamburg-sandweg-11/44896/
1483268402308,15,https://pizza.de/lieferservice/hamburg/restaurant-restaurant-zala/39895/
1483268402308,10,https://pizza.de/lieferservice/hamburg/restaurant-bombay-inn-hamburg-grosse-bahnstr-981/38801/
1483268402308,15,https://pizza.de/lieferservice/hamburg/restaurant-sushi-hanoi-hamburg-beim-strohhause-81/44023/
1483268402308,16,https://pizza.deundefined
1483268402308,15,https://pizza.deundefined
1483268402308,10,https://pizza.deundefined
1483268402308,10,https://pizza.deundefined
1483272002395,10,https://pizza.de/lieferservice/hamburg/restaurant-blizzeria-hamburg-schlueterstr-861/7943/
1483272002395,16,https://pizza.deundefined
1483272002395,15,https://pizza.deundefined
1483272002395,10,https://pizza.deundefined
1483272002395,10,https://pizza.deundefined
1483272002395,16,https://pizza.de/lieferservice/hamburg/restaurant-malik-pizza-hamburg-sandweg-11/44896/
1483272002395,10,https://pizza.de/lieferservice/hamburg/restaurant-oxmo-xxl-hamburg-bramfelder-str-971/40598/
1483272002395,15,https://pizza.de/lieferservice/hamburg/restaurant-restaurant-zala/39895/
1483279201142,10,https://pizza.de/lieferservice/hamburg/restaurant-blizzeria-hamburg-schlueterstr-861/7943/
1483279201142,16,https://pizza.de/lieferservice/hamburg/restaurant-malik-pizza-hamburg-sandweg-11/44896/
1483279201142,10,https://pizza.de/lieferservice/hamburg/restaurant-oxmo-xxl-hamburg-bramfelder-str-971/40598/
1483279201142,11,https://pizza.de/lieferservice/hamburg/restaurant-little-buddha-lieferservice-hamburg-hellkamp-111/30250/
1483279201142,16,https://pizza.deundefined
1483279201142,11,https://pizza.deundefined
1483279201142,10,https://pizza.deundefined
1483279201142,10,https://pizza.deundefined
1483282801138,10,https://pizza.de/lieferservice/hamburg/restaurant-blizzeria-hamburg-schlueterstr-861/7943/
1483282801138,16,https://pizza.de/lieferservice/hamburg/restaurant-malik-pizza-hamburg-sandweg-11/44896/
1483282801138,10,https://pizza.de/lieferservice/hamburg/restaurant-oxmo-xxl-hamburg-bramfelder-str-971/40598/
1483282801138,11,https://pizza.de/lieferservice/hamburg/restaurant-little-buddha-lieferservice-hamburg-hellkamp-111/30250/
1483282801138,16,https://pizza.deundefined
1483282801138,11,https://pizza.deundefined
1483282801138,10,https://pizza.deundefined
1483282801138,10,https://pizza.deundefined
1483286401100,10,https://pizza.de/lieferservice/hamburg/restaurant-blizzeria-hamburg-schlueterstr-861/7943/
1483286401100,16,https://pizza.de/lieferservice/hamburg/restaurant-malik-pizza-hamburg-sandweg-11/44896/
1483286401100,10,https://pizza.de/lieferservice/hamburg/restaurant-oxmo-xxl-hamburg-bramfelder-str-971/40598/
1483286401100,16,https://pizza.deundefined
1483286401100,10,https://pizza.deundefined
1483286401100,10,https://pizza.deundefined
1483290001589,10,https://pizza.de/lieferservice/hamburg/restaurant-blizzeria-hamburg-schlueterstr-861/7943/
1483290001589,16,https://pizza.de/lieferservice/hamburg/restaurant-malik-pizza-hamburg-sandweg-11/44896/
1483290001589,10,https://pizza.de/lieferservice/hamburg/restaurant-oxmo-xxl-hamburg-bramfelder-str-971/40598/
1483290001589,10,https://pizza.de/lieferservice/hamburg/restaurant-curry-lounge-hamburg-steindamm-791/35745/
1483290001589,11,https://pizza.de/lieferservice/hamburg/restaurant-little-buddha-lieferservice-hamburg-hellkamp-111/30250/
1483290001589,16,https://pizza.deundefined
1483290001589,11,https://pizza.deundefined
1483290001589,10,https://pizza.deundefined
1483290001589,10,https://pizza.deundefined
1483290001589,10,https://pizza.deundefined
1483293602484,10,https://pizza.de/lieferservice/hamburg/restaurant-blizzeria-hamburg-schlueterstr-861/7943/
1483293602484,16,https://pizza.de/lieferservice/hamburg/restaurant-malik-pizza-hamburg-sandweg-11/44896/
1483293602484,10,https://pizza.de/lieferservice/hamburg/restaurant-oxmo-xxl-hamburg-bramfelder-str-971/40598/
1483293602484,10,https://pizza.de/lieferservice/hamburg/restaurant-curry-lounge-hamburg-steindamm-791/35745/
1483293602484,11,https://pizza.de/lieferservice/hamburg/restaurant-little-buddha-lieferservice-hamburg-hellkamp-111/30250/
1483293602484,16,https://pizza.deundefined
1483293602484,11,https://pizza.deundefined
1483293602484,10,https://pizza.deundefined
1483293602484,10,https://pizza.deundefined
1483293602484,10,https://pizza.deundefined
1483297201972,10,https://pizza.de/lieferservice/hamburg/restaurant-blizzeria-hamburg-schlueterstr-861/7943/
1483297201972,16,https://pizza.de/lieferservice/hamburg/restaurant-malik-pizza-hamburg-sandweg-11/44896/
1483297201972,10,https://pizza.de/lieferservice/hamburg/restaurant-oxmo-xxl-hamburg-bramfelder-str-971/40598/
1483297201972,10,https://pizza.de/lieferservice/hamburg/restaurant-curry-lounge-hamburg-steindamm-791/35745/
1483297201972,11,https://pizza.de/lieferservice/hamburg/restaurant-little-buddha-lieferservice-hamburg-hellkamp-111/30250/
1483297201972,16,https://pizza.deundefined
1483297201972,11,https://pizza.deundefined
1483297201972,10,https://pizza.deundefined
1483297201972,10,https://pizza.deundefined
1483297201972,10,https://pizza.deundefined
1483300801874,10,https://pizza.de/lieferservice/hamburg/restaurant-blizzeria-hamburg-schlueterstr-861/7943/
1483300801874,16,https://pizza.de/lieferservice/hamburg/restaurant-malik-pizza-hamburg-sandweg-11/44896/
1483300801874,10,https://pizza.de/lieferservice/hamburg/restaurant-oxmo-xxl-hamburg-bramfelder-str-971/40598/
1483300801874,10,https://pizza.de/lieferservice/hamburg/restaurant-curry-lounge-hamburg-steindamm-791/35745/
1483300801874,11,https://pizza.de/lieferservice/hamburg/restaurant-little-buddha-lieferservice-hamburg-hellkamp-111/30250/
1483300801874,16,https://pizza.deundefined
1483300801874,11,https://pizza.deundefined
1483300801874,10,https://pizza.deundefined
1483300801874,10,https://pizza.deundefined
1483300801874,10,https://pizza.deundefined
1483308003099,16,https://pizza.de/lieferservice/hamburg/restaurant-malik-pizza-hamburg-sandweg-11/44896/
1483311601671,16,https://pizza.de/lieferservice/hamburg/restaurant-malik-pizza-hamburg-sandweg-11/44896/
1483311601671,10,https://pizza.de/lieferservice/hamburg/restaurant-bistro-belachan-hamburg-hoheluftchaussee-911/40134/
1483326002279,16,https://pizza.de/lieferservice/hamburg/restaurant-malik-pizza-hamburg-sandweg-11/44896/
1483329602096,16,https://pizza.de/lieferservice/hamburg/restaurant-malik-pizza-hamburg-sandweg-11/44896/
1483329602096,10,https://pizza.de/lieferservice/hamburg/restaurant-bistro-belachan-hamburg-hoheluftchaussee-911/40134/
1483333202246,10,https://pizza.de/lieferservice/hamburg/restaurant-blizzeria-hamburg-schlueterstr-861/7943/
1483333202246,16,https://pizza.de/lieferservice/hamburg/restaurant-malik-pizza-hamburg-sandweg-11/44896/
1483333202246,10,https://pizza.de/lieferservice/hamburg/restaurant-bistro-belachan-hamburg-hoheluftchaussee-911/40134/
1483336802235,10,https://pizza.de/lieferservice/hamburg/restaurant-blizzeria-hamburg-schlueterstr-861/7943/
1483336802235,16,https://pizza.de/lieferservice/hamburg/restaurant-malik-pizza-hamburg-sandweg-11/44896/
1483336802235,10,https://pizza.de/lieferservice/hamburg/restaurant-bistro-belachan-hamburg-hoheluftchaussee-911/40134/
1483340401874,10,https://pizza.de/lieferservice/hamburg/restaurant-blizzeria-hamburg-schlueterstr-861/7943/
1483340401874,16,https://pizza.de/lieferservice/hamburg/restaurant-malik-pizza-hamburg-sandweg-11/44896/
1483340401874,10,https://pizza.de/lieferservice/hamburg/restaurant-bistro-belachan-hamburg-hoheluftchaussee-911/40134/
1483365601213,10,https://pizza.de/lieferservice/hamburg/restaurant-blizzeria-hamburg-schlueterstr-861/7943/
1483365601213,10,https://pizza.de/lieferservice/hamburg/restaurant-sushi-hanoi-hamburg-beim-strohhause-81/44023/
1483365601213,16,https://pizza.de/lieferservice/hamburg/restaurant-malik-pizza-hamburg-sandweg-11/44896/
1483365601213,10,https://pizza.de/lieferservice/hamburg/restaurant-mok-kitchen-hamburg-wexstr-231/37142/
1483365601213,16,https://pizza.deundefined
1483365601213,10,https://pizza.deundefined
1483365601213,10,https://pizza.deundefined
1483365601213,10,https://pizza.deundefined
1483419602106,10,https://pizza.de/lieferservice/hamburg/restaurant-blizzeria-hamburg-schlueterstr-861/7943/
1483419602106,16,https://pizza.de/lieferservice/hamburg/restaurant-malik-pizza-hamburg-sandweg-11/44896/
1483419602106,10,https://pizza.de/lieferservice/hamburg/restaurant-bistro-belachan-hamburg-hoheluftchaussee-911/40134/
1483423201671,10,https://pizza.de/lieferservice/hamburg/restaurant-blizzeria-hamburg-schlueterstr-861/7943/
1483423201671,16,https://pizza.de/lieferservice/hamburg/restaurant-malik-pizza-hamburg-sandweg-11/44896/
1483423201671,10,https://pizza.de/lieferservice/hamburg/restaurant-bistro-belachan-hamburg-hoheluftchaussee-911/40134/
1483426801308,10,https://pizza.de/lieferservice/hamburg/restaurant-blizzeria-hamburg-schlueterstr-861/7943/
1483426801308,16,https://pizza.de/lieferservice/hamburg/restaurant-malik-pizza-hamburg-sandweg-11/44896/
1483426801308,10,https://pizza.de/lieferservice/hamburg/restaurant-bistro-belachan-hamburg-hoheluftchaussee-911/40134/
1483434002528,10,https://pizza.de/lieferservice/hamburg/restaurant-blizzeria-hamburg-schlueterstr-861/7943/
1483434002528,16,https://pizza.de/lieferservice/hamburg/restaurant-malik-pizza-hamburg-sandweg-11/44896/
1483437601574,10,https://pizza.de/lieferservice/hamburg/restaurant-blizzeria-hamburg-schlueterstr-861/7943/
1483437601574,16,https://pizza.de/lieferservice/hamburg/restaurant-malik-pizza-hamburg-sandweg-11/44896/
1483437601574,16,https://pizza.deundefined
1483437601574,10,https://pizza.deundefined
1483441201579,10,https://pizza.de/lieferservice/hamburg/restaurant-blizzeria-hamburg-schlueterstr-861/7943/
1483441201579,10,https://pizza.de/lieferservice/hamburg/restaurant-sushi-hanoi-hamburg-beim-strohhause-81/44023/
1483441201579,16,https://pizza.de/lieferservice/hamburg/restaurant-malik-pizza-hamburg-sandweg-11/44896/
1483441201579,15,https://pizza.de/lieferservice/hamburg/restaurant-restaurant-zala/39895/
1483441201579,10,https://pizza.de/lieferservice/hamburg/restaurant-bistro-belachan-hamburg-hoheluftchaussee-911/40134/
1483441201579,16,https://pizza.deundefined
1483441201579,15,https://pizza.deundefined
1483441201579,10,https://pizza.deundefined
1483441201579,10,https://pizza.deundefined
1483441201579,10,https://pizza.deundefined
1483444801987,10,https://pizza.de/lieferservice/hamburg/restaurant-blizzeria-hamburg-schlueterstr-861/7943/
1483444801987,10,https://pizza.de/lieferservice/hamburg/restaurant-sushi-hanoi-hamburg-beim-strohhause-81/44023/
1483444801987,16,https://pizza.de/lieferservice/hamburg/restaurant-malik-pizza-hamburg-sandweg-11/44896/
1483444801987,15,https://pizza.de/lieferservice/hamburg/restaurant-restaurant-zala/39895/
1483444801987,10,https://pizza.de/lieferservice/hamburg/restaurant-bistro-belachan-hamburg-hoheluftchaussee-911/40134/
1483444801987,16,https://pizza.deundefined
1483444801987,15,https://pizza.deundefined
1483444801987,10,https://pizza.deundefined
1483444801987,10,https://pizza.deundefined
1483444801987,10,https://pizza.deundefined
1483448401740,10,https://pizza.de/lieferservice/hamburg/restaurant-blizzeria-hamburg-schlueterstr-861/7943/
1483448401740,10,https://pizza.de/lieferservice/hamburg/restaurant-sushi-hanoi-hamburg-beim-strohhause-81/44023/
1483448401740,16,https://pizza.de/lieferservice/hamburg/restaurant-malik-pizza-hamburg-sandweg-11/44896/
1483448401740,10,https://pizza.de/lieferservice/hamburg/restaurant-mok-kitchen-hamburg-wexstr-231/37142/
1483448401740,15,https://pizza.de/lieferservice/hamburg/restaurant-restaurant-zala/39895/
1483448401740,10,https://pizza.de/lieferservice/hamburg/restaurant-bistro-belachan-hamburg-hoheluftchaussee-911/40134/
1483448401740,16,https://pizza.deundefined
1483448401740,15,https://pizza.deundefined
1483448401740,10,https://pizza.deundefined
1483448401740,10,https://pizza.deundefined
1483448401740,10,https://pizza.deundefined
1483448401740,10,https://pizza.deundefined
1483452001858,10,https://pizza.de/lieferservice/hamburg/restaurant-blizzeria-hamburg-schlueterstr-861/7943/
1483452001858,10,https://pizza.de/lieferservice/hamburg/restaurant-sushi-hanoi-hamburg-beim-strohhause-81/44023/
1483452001858,16,https://pizza.de/lieferservice/hamburg/restaurant-malik-pizza-hamburg-sandweg-11/44896/
1483452001858,10,https://pizza.de/lieferservice/hamburg/restaurant-mok-kitchen-hamburg-wexstr-231/37142/
1483452001858,16,https://pizza.deundefined
1483452001858,10,https://pizza.deundefined
1483452001858,10,https://pizza.deundefined
1483452001858,10,https://pizza.deundefined
1483455602119,10,https://pizza.de/lieferservice/hamburg/restaurant-blizzeria-hamburg-schlueterstr-861/7943/
1483455602119,10,https://pizza.de/lieferservice/hamburg/restaurant-sushi-hanoi-hamburg-beim-strohhause-81/44023/
1483455602119,16,https://pizza.de/lieferservice/hamburg/restaurant-malik-pizza-hamburg-sandweg-11/44896/
1483455602119,10,https://pizza.de/lieferservice/hamburg/restaurant-oxmo-xxl-hamburg-bramfelder-str-971/40598/
1483455602119,10,https://pizza.de/lieferservice/hamburg/restaurant-mok-kitchen-hamburg-wexstr-231/37142/
1483455602119,16,https://pizza.deundefined
1483455602119,10,https://pizza.deundefined
1483455602119,10,https://pizza.deundefined
1483455602119,10,https://pizza.deundefined
1483455602119,10,https://pizza.deundefined
1483459202218,10,https://pizza.de/lieferservice/hamburg/restaurant-blizzeria-hamburg-schlueterstr-861/7943/
1483459202218,10,https://pizza.de/lieferservice/hamburg/restaurant-sushi-hanoi-hamburg-beim-strohhause-81/44023/
1483459202218,16,https://pizza.de/lieferservice/hamburg/restaurant-malik-pizza-hamburg-sandweg-11/44896/
1483459202218,10,https://pizza.de/lieferservice/hamburg/restaurant-oxmo-xxl-hamburg-bramfelder-str-971/40598/
1483459202218,10,https://pizza.de/lieferservice/hamburg/restaurant-mok-kitchen-hamburg-wexstr-231/37142/
1483459202218,10,https://pizza.de/lieferservice/hamburg/restaurant-bistro-belachan-hamburg-hoheluftchaussee-911/40134/
1483459202218,16,https://pizza.deundefined
1483459202218,10,https://pizza.deundefined
1483459202218,10,https://pizza.deundefined
1483459202218,10,https://pizza.deundefined
1483459202218,10,https://pizza.deundefined
1483459202218,10,https://pizza.deundefined
1483462802013,10,https://pizza.de/lieferservice/hamburg/restaurant-blizzeria-hamburg-schlueterstr-861/7943/
1483462802013,10,https://pizza.de/lieferservice/hamburg/restaurant-sushi-hanoi-hamburg-beim-strohhause-81/44023/
1483462802013,16,https://pizza.de/lieferservice/hamburg/restaurant-malik-pizza-hamburg-sandweg-11/44896/
1483462802013,10,https://pizza.de/lieferservice/hamburg/restaurant-oxmo-xxl-hamburg-bramfelder-str-971/40598/
1483462802013,10,https://pizza.de/lieferservice/hamburg/restaurant-curry-lounge-hamburg-steindamm-791/35745/
1483462802013,16,https://pizza.deundefined
1483462802013,10,https://pizza.deundefined
1483462802013,10,https://pizza.deundefined
1483462802013,10,https://pizza.deundefined
1483462802013,10,https://pizza.deundefined
1483466401849,10,https://pizza.de/lieferservice/hamburg/restaurant-blizzeria-hamburg-schlueterstr-861/7943/
1483466401849,10,https://pizza.de/lieferservice/hamburg/restaurant-sushi-hanoi-hamburg-beim-strohhause-81/44023/
1483466401849,16,https://pizza.de/lieferservice/hamburg/restaurant-malik-pizza-hamburg-sandweg-11/44896/
1483466401849,10,https://pizza.de/lieferservice/hamburg/restaurant-oxmo-xxl-hamburg-bramfelder-str-971/40598/
1483466401849,10,https://pizza.de/lieferservice/hamburg/restaurant-curry-lounge-hamburg-steindamm-791/35745/
1483466401849,16,https://pizza.deundefined
1483466401849,10,https://pizza.deundefined
1483466401849,10,https://pizza.deundefined
1483466401849,10,https://pizza.deundefined
1483466401849,10,https://pizza.deundefined
1483470001146,10,https://pizza.de/lieferservice/hamburg/restaurant-blizzeria-hamburg-schlueterstr-861/7943/
1483470001146,10,https://pizza.de/lieferservice/hamburg/restaurant-sushi-hanoi-hamburg-beim-strohhause-81/44023/
1483470001146,16,https://pizza.de/lieferservice/hamburg/restaurant-malik-pizza-hamburg-sandweg-11/44896/
1483470001146,10,https://pizza.de/lieferservice/hamburg/restaurant-oxmo-xxl-hamburg-bramfelder-str-971/40598/
1483470001146,10,https://pizza.de/lieferservice/hamburg/restaurant-curry-lounge-hamburg-steindamm-791/35745/
1483470001146,16,https://pizza.deundefined
1483470001146,10,https://pizza.deundefined
1483470001146,10,https://pizza.deundefined
1483470001146,10,https://pizza.deundefined
1483470001146,10,https://pizza.deundefined
1483473601001,10,https://pizza.de/lieferservice/hamburg/restaurant-blizzeria-hamburg-schlueterstr-861/7943/
1483473601001,10,https://pizza.de/lieferservice/hamburg/restaurant-sushi-hanoi-hamburg-beim-strohhause-81/44023/
1483473601001,16,https://pizza.de/lieferservice/hamburg/restaurant-malik-pizza-hamburg-sandweg-11/44896/
1483473601001,10,https://pizza.de/lieferservice/hamburg/restaurant-oxmo-xxl-hamburg-bramfelder-str-971/40598/
1483473601001,10,https://pizza.de/lieferservice/hamburg/restaurant-curry-lounge-hamburg-steindamm-791/35745/
1483473601001,16,https://pizza.deundefined
1483473601001,10,https://pizza.deundefined
1483473601001,10,https://pizza.deundefined
1483473601001,10,https://pizza.deundefined
1483473601001,10,https://pizza.deundefined
1483477202293,10,https://pizza.de/lieferservice/hamburg/restaurant-blizzeria-hamburg-schlueterstr-861/7943/
1483477202293,16,https://pizza.de/lieferservice/hamburg/restaurant-malik-pizza-hamburg-sandweg-11/44896/
1483477202293,10,https://pizza.de/lieferservice/hamburg/restaurant-oxmo-xxl-hamburg-bramfelder-str-971/40598/
1483477202293,10,https://pizza.de/lieferservice/hamburg/restaurant-curry-lounge-hamburg-steindamm-791/35745/
1483477202293,16,https://pizza.deundefined
1483477202293,10,https://pizza.deundefined
1483477202293,10,https://pizza.deundefined
1483477202293,10,https://pizza.deundefined
1483480801016,16,https://pizza.de/lieferservice/hamburg/restaurant-malik-pizza-hamburg-sandweg-11/44896/
1483480801016,16,https://pizza.deundefined
1483484401563,16,https://pizza.de/lieferservice/hamburg/restaurant-malik-pizza-hamburg-sandweg-11/44896/
1483484401563,10,https://pizza.de/lieferservice/hamburg/restaurant-bistro-belachan-hamburg-hoheluftchaussee-911/40134/
1483488001222,16,https://pizza.de/lieferservice/hamburg/restaurant-malik-pizza-hamburg-sandweg-11/44896/
1483488001222,10,https://pizza.de/lieferservice/hamburg/restaurant-bistro-belachan-hamburg-hoheluftchaussee-911/40134/
1483491601490,16,https://pizza.de/lieferservice/hamburg/restaurant-malik-pizza-hamburg-sandweg-11/44896/
1483491601490,10,https://pizza.de/lieferservice/hamburg/restaurant-bistro-belachan-hamburg-hoheluftchaussee-911/40134/
1483498802035,16,https://pizza.de/lieferservice/hamburg/restaurant-malik-pizza-hamburg-sandweg-11/44896/
1483502401910,16,https://pizza.de/lieferservice/hamburg/restaurant-malik-pizza-hamburg-sandweg-11/44896/
1483506001806,10,https://pizza.de/lieferservice/hamburg/restaurant-blizzeria-hamburg-schlueterstr-861/7943/
1483506001806,16,https://pizza.de/lieferservice/hamburg/restaurant-malik-pizza-hamburg-sandweg-11/44896/
1483509602031,10,https://pizza.de/lieferservice/hamburg/restaurant-blizzeria-hamburg-schlueterstr-861/7943/
1483509602031,16,https://pizza.de/lieferservice/hamburg/restaurant-malik-pizza-hamburg-sandweg-11/44896/
1483513202316,10,https://pizza.de/lieferservice/hamburg/restaurant-blizzeria-hamburg-schlueterstr-861/7943/
1483513202316,16,https://pizza.de/lieferservice/hamburg/restaurant-malik-pizza-hamburg-sandweg-11/44896/
1483516801346,10,https://pizza.de/lieferservice/hamburg/restaurant-blizzeria-hamburg-schlueterstr-861/7943/
1483516801346,16,https://pizza.de/lieferservice/hamburg/restaurant-malik-pizza-hamburg-sandweg-11/44896/
1483520401200,10,https://pizza.de/lieferservice/hamburg/restaurant-blizzeria-hamburg-schlueterstr-861/7943/
1483520401200,16,https://pizza.de/lieferservice/hamburg/restaurant-malik-pizza-hamburg-sandweg-11/44896/
1483534801885,10,https://pizza.de/lieferservice/hamburg/restaurant-blizzeria-hamburg-schlueterstr-861/7943/
1483534801885,10,https://pizza.de/lieferservice/hamburg/restaurant-sushi-hanoi-hamburg-beim-strohhause-81/44023/
1483534801885,16,https://pizza.de/lieferservice/hamburg/restaurant-malik-pizza-hamburg-sandweg-11/44896/
1483534801885,10,https://pizza.de/lieferservice/hamburg/restaurant-mok-kitchen-hamburg-wexstr-231/37142/
1483534801885,15,https://pizza.de/lieferservice/hamburg/restaurant-restaurant-zala/39895/
1483534801885,16,https://pizza.deundefined
1483534801885,15,https://pizza.deundefined
1483534801885,10,https://pizza.deundefined
1483534801885,10,https://pizza.deundefined
1483534801885,10,https://pizza.deundefined
1483538402393,10,https://pizza.de/lieferservice/hamburg/restaurant-blizzeria-hamburg-schlueterstr-861/7943/
1483538402393,10,https://pizza.de/lieferservice/hamburg/restaurant-sushi-hanoi-hamburg-beim-strohhause-81/44023/
1483538402393,16,https://pizza.de/lieferservice/hamburg/restaurant-malik-pizza-hamburg-sandweg-11/44896/
1483538402393,10,https://pizza.de/lieferservice/hamburg/restaurant-mok-kitchen-hamburg-wexstr-231/37142/
1483538402393,16,https://pizza.deundefined
1483538402393,10,https://pizza.deundefined
1483538402393,10,https://pizza.deundefined
1483538402393,10,https://pizza.deundefined
1483563601493,10,https://pizza.de/lieferservice/hamburg/restaurant-blizzeria-hamburg-schlueterstr-861/7943/
1483563601493,10,https://pizza.de/lieferservice/hamburg/restaurant-le-hanse-hamburg-vizelinstr-8b1/38459/
1483563601493,10,https://pizza.de/lieferservice/hamburg/restaurant-burger-lounge-hamburg-luebecker-str-251/30520/
1483563601493,16,https://pizza.de/lieferservice/hamburg/restaurant-malik-pizza-hamburg-sandweg-11/44896/
1483563601493,10,https://pizza.de/lieferservice/hamburg/restaurant-oxmo-xxl-hamburg-bramfelder-str-971/40598/
1483563601493,10,https://pizza.de/lieferservice/hamburg/restaurant-curry-lounge-hamburg-steindamm-791/35745/
1483563601493,16,https://pizza.deundefined
1483563601493,10,https://pizza.deundefined
1483563601493,10,https://pizza.deundefined
1483563601493,10,https://pizza.deundefined
1483563601493,10,https://pizza.deundefined
1483563601493,10,https://pizza.deundefined
1483574401773,16,https://pizza.de/lieferservice/hamburg/restaurant-malik-pizza-hamburg-sandweg-11/44896/
1483574401773,10,https://pizza.de/lieferservice/hamburg/restaurant-bistro-belachan-hamburg-hoheluftchaussee-911/40134/
1483578001794,16,https://pizza.de/lieferservice/hamburg/restaurant-malik-pizza-hamburg-sandweg-11/44896/
1483581602549,16,https://pizza.de/lieferservice/hamburg/restaurant-malik-pizza-hamburg-sandweg-11/44896/
1483585202327,16,https://pizza.de/lieferservice/hamburg/restaurant-malik-pizza-hamburg-sandweg-11/44896/
1483588802326,16,https://pizza.de/lieferservice/hamburg/restaurant-malik-pizza-hamburg-sandweg-11/44896/
1483592403198,10,https://pizza.de/lieferservice/hamburg/restaurant-blizzeria-hamburg-schlueterstr-861/7943/
1483592403198,16,https://pizza.de/lieferservice/hamburg/restaurant-malik-pizza-hamburg-sandweg-11/44896/
1483596002111,10,https://pizza.de/lieferservice/hamburg/restaurant-blizzeria-hamburg-schlueterstr-861/7943/
1483596002111,16,https://pizza.de/lieferservice/hamburg/restaurant-malik-pizza-hamburg-sandweg-11/44896/
1483599601802,10,https://pizza.de/lieferservice/hamburg/restaurant-blizzeria-hamburg-schlueterstr-861/7943/
1483599601802,16,https://pizza.de/lieferservice/hamburg/restaurant-malik-pizza-hamburg-sandweg-11/44896/
1483603201437,10,https://pizza.de/lieferservice/hamburg/restaurant-blizzeria-hamburg-schlueterstr-861/7943/
1483603201437,16,https://pizza.de/lieferservice/hamburg/restaurant-malik-pizza-hamburg-sandweg-11/44896/
1483624801404,10,https://pizza.de/lieferservice/hamburg/restaurant-blizzeria-hamburg-schlueterstr-861/7943/
1483624801404,16,https://pizza.de/lieferservice/hamburg/restaurant-malik-pizza-hamburg-sandweg-11/44896/
1483624801404,10,https://pizza.de/lieferservice/hamburg/restaurant-mok-kitchen-hamburg-wexstr-231/37142/
1483624801404,16,https://pizza.deundefined
1483624801404,10,https://pizza.deundefined
1483624801404,10,https://pizza.deundefined
1483635601780,10,https://pizza.de/lieferservice/hamburg/restaurant-blizzeria-hamburg-schlueterstr-861/7943/
1483635601780,16,https://pizza.de/lieferservice/hamburg/restaurant-malik-pizza-hamburg-sandweg-11/44896/
1483635601780,10,https://pizza.de/lieferservice/hamburg/restaurant-oxmo-xxl-hamburg-bramfelder-str-971/40598/
1483635601780,10,https://pizza.de/lieferservice/hamburg/restaurant-curry-lounge-hamburg-steindamm-791/35745/
1483635601780,16,https://pizza.deundefined
1483635601780,10,https://pizza.deundefined
1483635601780,10,https://pizza.deundefined
1483635601780,10,https://pizza.deundefined
1483639202234,10,https://pizza.de/lieferservice/hamburg/restaurant-blizzeria-hamburg-schlueterstr-861/7943/
1483639202234,16,https://pizza.de/lieferservice/hamburg/restaurant-malik-pizza-hamburg-sandweg-11/44896/
1483639202234,10,https://pizza.de/lieferservice/hamburg/restaurant-oxmo-xxl-hamburg-bramfelder-str-971/40598/
1483639202234,10,https://pizza.de/lieferservice/hamburg/restaurant-curry-lounge-hamburg-steindamm-791/35745/
1483639202234,16,https://pizza.deundefined
1483639202234,10,https://pizza.deundefined
1483639202234,10,https://pizza.deundefined
1483639202234,10,https://pizza.deundefined
1483660802218,16,https://pizza.de/lieferservice/hamburg/restaurant-malik-pizza-hamburg-sandweg-11/44896/
1483660802218,10,https://pizza.de/lieferservice/hamburg/restaurant-bistro-belachan-hamburg-hoheluftchaussee-911/40134/
1483664402542,16,https://pizza.de/lieferservice/hamburg/restaurant-malik-pizza-hamburg-sandweg-11/44896/
1483664402542,10,https://pizza.de/lieferservice/hamburg/restaurant-bistro-belachan-hamburg-hoheluftchaussee-911/40134/
1483668001591,16,https://pizza.de/lieferservice/hamburg/restaurant-malik-pizza-hamburg-sandweg-11/44896/
1483675201622,16,https://pizza.de/lieferservice/hamburg/restaurant-malik-pizza-hamburg-sandweg-11/44896/
1483675201622,10,https://pizza.de/lieferservice/hamburg/restaurant-bistro-belachan-hamburg-hoheluftchaussee-911/40134/
1483682402025,10,https://pizza.de/lieferservice/hamburg/restaurant-blizzeria-hamburg-schlueterstr-861/7943/
1483682402025,16,https://pizza.de/lieferservice/hamburg/restaurant-malik-pizza-hamburg-sandweg-11/44896/
1483682402025,10,https://pizza.de/lieferservice/hamburg/restaurant-bistro-belachan-hamburg-hoheluftchaussee-911/40134/
1483696801480,10,https://pizza.de/lieferservice/hamburg/restaurant-blizzeria-hamburg-schlueterstr-861/7943/
1483696801480,16,https://pizza.de/lieferservice/hamburg/restaurant-malik-pizza-hamburg-sandweg-11/44896/
1483696801480,16,https://pizza.deundefined
1483696801480,10,https://pizza.deundefined
1483700401570,10,https://pizza.de/lieferservice/hamburg/restaurant-blizzeria-hamburg-schlueterstr-861/7943/
1483700401570,16,https://pizza.de/lieferservice/hamburg/restaurant-malik-pizza-hamburg-sandweg-11/44896/
1483700401570,15,https://pizza.de/lieferservice/hamburg/restaurant-restaurant-zala/39895/
1483700401570,10,https://pizza.de/lieferservice/hamburg/restaurant-bistro-belachan-hamburg-hoheluftchaussee-911/40134/
1483700401570,16,https://pizza.deundefined
1483700401570,15,https://pizza.deundefined
1483700401570,10,https://pizza.deundefined
1483700401570,10,https://pizza.deundefined
1483704001618,10,https://pizza.de/lieferservice/hamburg/restaurant-blizzeria-hamburg-schlueterstr-861/7943/
1483704001618,16,https://pizza.de/lieferservice/hamburg/restaurant-malik-pizza-hamburg-sandweg-11/44896/
1483704001618,15,https://pizza.de/lieferservice/hamburg/restaurant-restaurant-zala/39895/
1483704001618,10,https://pizza.de/lieferservice/hamburg/restaurant-bistro-belachan-hamburg-hoheluftchaussee-911/40134/
1483704001618,16,https://pizza.deundefined
1483704001618,15,https://pizza.deundefined
1483704001618,10,https://pizza.deundefined
1483704001618,10,https://pizza.deundefined
1483707601816,10,https://pizza.de/lieferservice/hamburg/restaurant-blizzeria-hamburg-schlueterstr-861/7943/
1483707601816,16,https://pizza.de/lieferservice/hamburg/restaurant-malik-pizza-hamburg-sandweg-11/44896/
1483707601816,10,https://pizza.de/lieferservice/hamburg/restaurant-mok-kitchen-hamburg-wexstr-231/37142/
1483707601816,15,https://pizza.de/lieferservice/hamburg/restaurant-restaurant-zala/39895/
1483707601816,16,https://pizza.deundefined
1483707601816,15,https://pizza.deundefined
1483707601816,10,https://pizza.deundefined
1483707601816,10,https://pizza.deundefined
1483725601798,10,https://pizza.de/lieferservice/hamburg/restaurant-blizzeria-hamburg-schlueterstr-861/7943/
1483725601798,10,https://pizza.de/lieferservice/hamburg/restaurant-oxmo-xxl-hamburg-bramfelder-str-971/40598/
1483725601798,10,https://pizza.de/lieferservice/hamburg/restaurant-curry-lounge-hamburg-steindamm-791/35745/
1483725601798,10,https://pizza.deundefined
1483725601798,10,https://pizza.deundefined
1483725601798,10,https://pizza.deundefined
1483765202085,10,https://pizza.de/lieferservice/hamburg/restaurant-blizzeria-hamburg-schlueterstr-861/7943/
1483765202085,16,https://pizza.de/lieferservice/hamburg/restaurant-malik-pizza-hamburg-sandweg-11/44896/
1483765202085,10,https://pizza.de/lieferservice/hamburg/restaurant-bistro-belachan-hamburg-hoheluftchaussee-911/40134/
1483768801193,10,https://pizza.de/lieferservice/hamburg/restaurant-blizzeria-hamburg-schlueterstr-861/7943/
1483768801193,16,https://pizza.de/lieferservice/hamburg/restaurant-malik-pizza-hamburg-sandweg-11/44896/
1483768801193,10,https://pizza.de/lieferservice/hamburg/restaurant-bistro-belachan-hamburg-hoheluftchaussee-911/40134/
1483786801803,10,https://pizza.de/lieferservice/hamburg/restaurant-blizzeria-hamburg-schlueterstr-861/7943/
1483786801803,15,https://pizza.de/lieferservice/hamburg/restaurant-restaurant-zala/39895/
1483786801803,16,https://pizza.de/lieferservice/hamburg/restaurant-malik-pizza-hamburg-sandweg-11/44896/
1483786801803,16,https://pizza.deundefined
1483786801803,15,https://pizza.deundefined
1483786801803,10,https://pizza.deundefined
1483794001505,10,https://pizza.de/lieferservice/hamburg/restaurant-blizzeria-hamburg-schlueterstr-861/7943/
1483794001505,10,https://pizza.de/lieferservice/hamburg/restaurant-mok-kitchen-hamburg-wexstr-231/37142/
1483794001505,15,https://pizza.de/lieferservice/hamburg/restaurant-restaurant-zala/39895/
1483794001505,15,https://pizza.deundefined
1483794001505,10,https://pizza.deundefined
1483794001505,10,https://pizza.deundefined
1483812001656,10,https://pizza.de/lieferservice/hamburg/restaurant-blizzeria-hamburg-schlueterstr-861/7943/
1483812001656,10,https://pizza.de/lieferservice/hamburg/restaurant-oxmo-xxl-hamburg-bramfelder-str-971/40598/
1483812001656,10,https://pizza.de/lieferservice/hamburg/restaurant-curry-lounge-hamburg-steindamm-791/35745/
1483812001656,11,https://pizza.de/lieferservice/hamburg/restaurant-little-buddha-lieferservice-hamburg-hellkamp-111/30250/
1483812001656,11,https://pizza.deundefined
1483812001656,10,https://pizza.deundefined
1483812001656,10,https://pizza.deundefined
1483812001656,10,https://pizza.deundefined
1483815601489,10,https://pizza.de/lieferservice/hamburg/restaurant-blizzeria-hamburg-schlueterstr-861/7943/
1483815601489,10,https://pizza.de/lieferservice/hamburg/restaurant-oxmo-xxl-hamburg-bramfelder-str-971/40598/
1483815601489,10,https://pizza.de/lieferservice/hamburg/restaurant-curry-lounge-hamburg-steindamm-791/35745/
1483815601489,11,https://pizza.de/lieferservice/hamburg/restaurant-little-buddha-lieferservice-hamburg-hellkamp-111/30250/
1483815601489,11,https://pizza.deundefined
1483815601489,10,https://pizza.deundefined
1483815601489,10,https://pizza.deundefined
1483815601489,10,https://pizza.deundefined
1483819201591,10,https://pizza.de/lieferservice/hamburg/restaurant-blizzeria-hamburg-schlueterstr-861/7943/
1483819201591,10,https://pizza.de/lieferservice/hamburg/restaurant-oxmo-xxl-hamburg-bramfelder-str-971/40598/
1483819201591,10,https://pizza.de/lieferservice/hamburg/restaurant-curry-lounge-hamburg-steindamm-791/35745/
1483819201591,11,https://pizza.de/lieferservice/hamburg/restaurant-little-buddha-lieferservice-hamburg-hellkamp-111/30250/
1483819201591,25,https://pizza.de/lieferservice/hamburg/restaurant-sen-dai-sushi-hamburg-kieler-str-2691/37608/
1483819201591,25,https://pizza.deundefined
1483819201591,11,https://pizza.deundefined
1483819201591,10,https://pizza.deundefined
1483819201591,10,https://pizza.deundefined
1483819201591,10,https://pizza.deundefined
1483822801553,10,https://pizza.de/lieferservice/hamburg/restaurant-blizzeria-hamburg-schlueterstr-861/7943/
1483822801553,10,https://pizza.de/lieferservice/hamburg/restaurant-oxmo-xxl-hamburg-bramfelder-str-971/40598/
1483822801553,10,https://pizza.de/lieferservice/hamburg/restaurant-curry-lounge-hamburg-steindamm-791/35745/
1483822801553,25,https://pizza.de/lieferservice/hamburg/restaurant-sen-dai-sushi-hamburg-kieler-str-2691/37608/
1483822801553,25,https://pizza.deundefined
1483822801553,10,https://pizza.deundefined
1483822801553,10,https://pizza.deundefined
1483822801553,10,https://pizza.deundefined
1483826401887,10,https://pizza.de/lieferservice/hamburg/restaurant-le-hanse-hamburg-vizelinstr-8b1/38459/
1483826401887,16,https://pizza.de/lieferservice/hamburg/restaurant-malik-pizza-hamburg-sandweg-11/44896/
1483826401887,16,https://pizza.deundefined
1483826401887,10,https://pizza.deundefined
1483830002021,10,https://pizza.de/lieferservice/hamburg/restaurant-le-hanse-hamburg-vizelinstr-8b1/38459/
1483830002021,10,https://pizza.deundefined
1483833602292,10,https://pizza.de/lieferservice/hamburg/restaurant-le-hanse-hamburg-vizelinstr-8b1/38459/
1483833602292,10,https://pizza.deundefined
1483837202131,10,https://pizza.de/lieferservice/hamburg/restaurant-bistro-belachan-hamburg-hoheluftchaussee-911/40134/
1483840801935,16,https://pizza.de/lieferservice/hamburg/restaurant-malik-pizza-hamburg-sandweg-11/44896/
1483844402115,16,https://pizza.de/lieferservice/hamburg/restaurant-malik-pizza-hamburg-sandweg-11/44896/
1483848002330,16,https://pizza.de/lieferservice/hamburg/restaurant-malik-pizza-hamburg-sandweg-11/44896/
1483851601043,10,https://pizza.de/lieferservice/hamburg/restaurant-blizzeria-hamburg-schlueterstr-861/7943/
1483851601043,16,https://pizza.de/lieferservice/hamburg/restaurant-malik-pizza-hamburg-sandweg-11/44896/
1483855201445,10,https://pizza.de/lieferservice/hamburg/restaurant-blizzeria-hamburg-schlueterstr-861/7943/
1483855201445,16,https://pizza.de/lieferservice/hamburg/restaurant-malik-pizza-hamburg-sandweg-11/44896/
1483858801775,10,https://pizza.de/lieferservice/hamburg/restaurant-blizzeria-hamburg-schlueterstr-861/7943/
1483858801775,16,https://pizza.de/lieferservice/hamburg/restaurant-malik-pizza-hamburg-sandweg-11/44896/
1483866001674,10,https://pizza.de/lieferservice/hamburg/restaurant-blizzeria-hamburg-schlueterstr-861/7943/
1483866001674,16,https://pizza.de/lieferservice/hamburg/restaurant-malik-pizza-hamburg-sandweg-11/44896/
1483927201896,16,https://pizza.de/lieferservice/hamburg/restaurant-malik-pizza-hamburg-sandweg-11/44896/
1483934401421,16,https://pizza.de/lieferservice/hamburg/restaurant-malik-pizza-hamburg-sandweg-11/44896/
1483938001144,10,https://pizza.de/lieferservice/hamburg/restaurant-blizzeria-hamburg-schlueterstr-861/7943/
1483938001144,16,https://pizza.de/lieferservice/hamburg/restaurant-malik-pizza-hamburg-sandweg-11/44896/
1483970401974,10,https://pizza.de/lieferservice/hamburg/restaurant-blizzeria-hamburg-schlueterstr-861/7943/
1483970401974,16,https://pizza.de/lieferservice/hamburg/restaurant-malik-pizza-hamburg-sandweg-11/44896/
1483970401974,10,https://pizza.de/lieferservice/hamburg/restaurant-mok-kitchen-hamburg-wexstr-231/37142/
1483970401974,16,https://pizza.deundefined
1483970401974,10,https://pizza.deundefined
1483970401974,10,https://pizza.deundefined
1483995602965,10,https://pizza.de/lieferservice/hamburg/restaurant-blizzeria-hamburg-schlueterstr-861/7943/
1483995602965,10,https://pizza.de/lieferservice/hamburg/restaurant-burger-lounge-hamburg-luebecker-str-251/30520/
1483995602965,16,https://pizza.de/lieferservice/hamburg/restaurant-malik-pizza-hamburg-sandweg-11/44896/
1483995602965,10,https://pizza.de/lieferservice/hamburg/restaurant-oxmo-xxl-hamburg-bramfelder-str-971/40598/
1483995602965,10,https://pizza.de/lieferservice/hamburg/restaurant-curry-lounge-hamburg-steindamm-791/35745/
1483995602965,25,https://pizza.de/lieferservice/hamburg/restaurant-sen-dai-sushi-hamburg-kieler-str-2691/37608/
1483995602965,25,https://pizza.deundefined
1483995602965,16,https://pizza.deundefined
1483995602965,10,https://pizza.deundefined
1483995602965,10,https://pizza.deundefined
1483995602965,10,https://pizza.deundefined
1483995602965,10,https://pizza.deundefined
1483999202240,16,https://pizza.de/lieferservice/hamburg/restaurant-malik-pizza-hamburg-sandweg-11/44896/
1484002802596,16,https://pizza.de/lieferservice/hamburg/restaurant-malik-pizza-hamburg-sandweg-11/44896/
1484002802596,10,https://pizza.de/lieferservice/hamburg/restaurant-bistro-belachan-hamburg-hoheluftchaussee-911/40134/
1484006401312,16,https://pizza.de/lieferservice/hamburg/restaurant-malik-pizza-hamburg-sandweg-11/44896/
1484006401312,10,https://pizza.de/lieferservice/hamburg/restaurant-bistro-belachan-hamburg-hoheluftchaussee-911/40134/
1484010001381,16,https://pizza.de/lieferservice/hamburg/restaurant-malik-pizza-hamburg-sandweg-11/44896/
1484013601321,16,https://pizza.de/lieferservice/hamburg/restaurant-malik-pizza-hamburg-sandweg-11/44896/
1484017201405,16,https://pizza.de/lieferservice/hamburg/restaurant-malik-pizza-hamburg-sandweg-11/44896/
1484020801376,16,https://pizza.de/lieferservice/hamburg/restaurant-malik-pizza-hamburg-sandweg-11/44896/
1484024401279,10,https://pizza.de/lieferservice/hamburg/restaurant-blizzeria-hamburg-schlueterstr-861/7943/
1484024401279,16,https://pizza.de/lieferservice/hamburg/restaurant-malik-pizza-hamburg-sandweg-11/44896/
1484028001534,10,https://pizza.de/lieferservice/hamburg/restaurant-blizzeria-hamburg-schlueterstr-861/7943/
1484028001534,16,https://pizza.de/lieferservice/hamburg/restaurant-malik-pizza-hamburg-sandweg-11/44896/
1484031601408,10,https://pizza.de/lieferservice/hamburg/restaurant-blizzeria-hamburg-schlueterstr-861/7943/
1484031601408,16,https://pizza.de/lieferservice/hamburg/restaurant-malik-pizza-hamburg-sandweg-11/44896/
1484035201383,10,https://pizza.de/lieferservice/hamburg/restaurant-blizzeria-hamburg-schlueterstr-861/7943/
1484035201383,16,https://pizza.de/lieferservice/hamburg/restaurant-malik-pizza-hamburg-sandweg-11/44896/
1484038801780,10,https://pizza.de/lieferservice/hamburg/restaurant-blizzeria-hamburg-schlueterstr-861/7943/
1484038801780,16,https://pizza.de/lieferservice/hamburg/restaurant-malik-pizza-hamburg-sandweg-11/44896/
1484042401889,10,https://pizza.de/lieferservice/hamburg/restaurant-blizzeria-hamburg-schlueterstr-861/7943/
1484042401889,16,https://pizza.de/lieferservice/hamburg/restaurant-malik-pizza-hamburg-sandweg-11/44896/
1484042401889,10,https://pizza.deundefined
1484046002426,10,https://pizza.de/lieferservice/hamburg/restaurant-blizzeria-hamburg-schlueterstr-861/7943/
1484046002426,16,https://pizza.de/lieferservice/hamburg/restaurant-malik-pizza-hamburg-sandweg-11/44896/
1484046002426,10,https://pizza.de/lieferservice/hamburg/restaurant-bistro-belachan-hamburg-hoheluftchaussee-911/40134/
1484046002426,15,https://pizza.de/lieferservice/hamburg/restaurant-restaurant-zala/39895/
1484046002426,16,https://pizza.deundefined
1484046002426,15,https://pizza.deundefined
1484046002426,10,https://pizza.deundefined
1484046002426,10,https://pizza.deundefined
1484049602132,10,https://pizza.de/lieferservice/hamburg/restaurant-blizzeria-hamburg-schlueterstr-861/7943/
1484049602132,16,https://pizza.de/lieferservice/hamburg/restaurant-malik-pizza-hamburg-sandweg-11/44896/
1484049602132,15,https://pizza.de/lieferservice/hamburg/restaurant-restaurant-zala/39895/
1484049602132,10,https://pizza.de/lieferservice/hamburg/restaurant-bistro-belachan-hamburg-hoheluftchaussee-911/40134/
1484049602132,16,https://pizza.deundefined
1484049602132,15,https://pizza.deundefined
1484049602132,10,https://pizza.deundefined
1484049602132,10,https://pizza.deundefined
1484053202291,10,https://pizza.de/lieferservice/hamburg/restaurant-blizzeria-hamburg-schlueterstr-861/7943/
1484053202291,16,https://pizza.de/lieferservice/hamburg/restaurant-malik-pizza-hamburg-sandweg-11/44896/
1484053202291,15,https://pizza.de/lieferservice/hamburg/restaurant-restaurant-zala/39895/
1484053202291,10,https://pizza.de/lieferservice/hamburg/restaurant-bistro-belachan-hamburg-hoheluftchaussee-911/40134/
1484053202291,10,https://pizza.de/lieferservice/hamburg/restaurant-mok-kitchen-hamburg-wexstr-231/37142/
1484053202291,16,https://pizza.deundefined
1484053202291,15,https://pizza.deundefined
1484053202291,10,https://pizza.deundefined
1484053202291,10,https://pizza.deundefined
1484053202291,10,https://pizza.deundefined
1484056803708,10,https://pizza.de/lieferservice/hamburg/restaurant-blizzeria-hamburg-schlueterstr-861/7943/
1484056803708,16,https://pizza.de/lieferservice/hamburg/restaurant-malik-pizza-hamburg-sandweg-11/44896/
1484056803708,10,https://pizza.de/lieferservice/hamburg/restaurant-mok-kitchen-hamburg-wexstr-231/37142/
1484056803708,16,https://pizza.deundefined
1484056803708,10,https://pizza.deundefined
1484056803708,10,https://pizza.deundefined
1484060403054,10,https://pizza.de/lieferservice/hamburg/restaurant-blizzeria-hamburg-schlueterstr-861/7943/
1484060403054,16,https://pizza.de/lieferservice/hamburg/restaurant-malik-pizza-hamburg-sandweg-11/44896/
1484060403054,10,https://pizza.de/lieferservice/hamburg/restaurant-mok-kitchen-hamburg-wexstr-231/37142/
1484060403054,10,https://pizza.de/lieferservice/hamburg/restaurant-oxmo-xxl-hamburg-bramfelder-str-971/40598/
1484060403054,16,https://pizza.deundefined
1484060403054,10,https://pizza.deundefined
1484060403054,10,https://pizza.deundefined
1484060403054,10,https://pizza.deundefined
1484064002803,10,https://pizza.de/lieferservice/hamburg/restaurant-blizzeria-hamburg-schlueterstr-861/7943/
1484064002803,16,https://pizza.de/lieferservice/hamburg/restaurant-malik-pizza-hamburg-sandweg-11/44896/
1484064002803,10,https://pizza.de/lieferservice/hamburg/restaurant-mok-kitchen-hamburg-wexstr-231/37142/
1484064002803,10,https://pizza.de/lieferservice/hamburg/restaurant-bistro-belachan-hamburg-hoheluftchaussee-911/40134/
1484064002803,10,https://pizza.de/lieferservice/hamburg/restaurant-oxmo-xxl-hamburg-bramfelder-str-971/40598/
1484064002803,16,https://pizza.deundefined
1484064002803,10,https://pizza.deundefined
1484064002803,10,https://pizza.deundefined
1484064002803,10,https://pizza.deundefined
1484064002803,10,https://pizza.deundefined
1484071201701,10,https://pizza.de/lieferservice/hamburg/restaurant-blizzeria-hamburg-schlueterstr-861/7943/
1484071201701,16,https://pizza.de/lieferservice/hamburg/restaurant-malik-pizza-hamburg-sandweg-11/44896/
1484071201701,11,https://pizza.de/lieferservice/hamburg/restaurant-little-buddha-lieferservice-hamburg-hellkamp-111/30250/
1484071201701,11,https://pizza.de/lieferservice/hamburg/restaurant-sushiup-hamburg-gaertnerstr-68b1/40851/
1484071201701,10,https://pizza.de/lieferservice/hamburg/restaurant-oxmo-xxl-hamburg-bramfelder-str-971/40598/
1484071201701,10,https://pizza.de/lieferservice/hamburg/restaurant-curry-lounge-hamburg-steindamm-791/35745/
1484071201701,16,https://pizza.deundefined
1484071201701,11,https://pizza.deundefined
1484071201701,11,https://pizza.deundefined
1484071201701,10,https://pizza.deundefined
1484071201701,10,https://pizza.deundefined
1484071201701,10,https://pizza.deundefined
1484085601903,16,https://pizza.de/lieferservice/hamburg/restaurant-malik-pizza-hamburg-sandweg-11/44896/
1484085601903,16,https://pizza.deundefined
1484092801875,16,https://pizza.de/lieferservice/hamburg/restaurant-malik-pizza-hamburg-sandweg-11/44896/
1484092801875,10,https://pizza.de/lieferservice/hamburg/restaurant-bistro-belachan-hamburg-hoheluftchaussee-911/40134/
1484096401958,16,https://pizza.de/lieferservice/hamburg/restaurant-malik-pizza-hamburg-sandweg-11/44896/
1484110801803,10,https://pizza.de/lieferservice/hamburg/restaurant-blizzeria-hamburg-schlueterstr-861/7943/
1484110801803,16,https://pizza.de/lieferservice/hamburg/restaurant-malik-pizza-hamburg-sandweg-11/44896/
1484110801803,10,https://pizza.de/lieferservice/hamburg/restaurant-bistro-belachan-hamburg-hoheluftchaussee-911/40134/
1484114402226,10,https://pizza.de/lieferservice/hamburg/restaurant-blizzeria-hamburg-schlueterstr-861/7943/
1484114402226,16,https://pizza.de/lieferservice/hamburg/restaurant-malik-pizza-hamburg-sandweg-11/44896/
1484114402226,10,https://pizza.de/lieferservice/hamburg/restaurant-bistro-belachan-hamburg-hoheluftchaussee-911/40134/
1484118002329,10,https://pizza.de/lieferservice/hamburg/restaurant-blizzeria-hamburg-schlueterstr-861/7943/
1484118002329,16,https://pizza.de/lieferservice/hamburg/restaurant-malik-pizza-hamburg-sandweg-11/44896/
1484118002329,10,https://pizza.de/lieferservice/hamburg/restaurant-bistro-belachan-hamburg-hoheluftchaussee-911/40134/
1484121601905,10,https://pizza.de/lieferservice/hamburg/restaurant-blizzeria-hamburg-schlueterstr-861/7943/
1484121601905,16,https://pizza.de/lieferservice/hamburg/restaurant-malik-pizza-hamburg-sandweg-11/44896/
1484121601905,10,https://pizza.de/lieferservice/hamburg/restaurant-bistro-belachan-hamburg-hoheluftchaussee-911/40134/
1484125202019,10,https://pizza.de/lieferservice/hamburg/restaurant-blizzeria-hamburg-schlueterstr-861/7943/
1484125202019,16,https://pizza.de/lieferservice/hamburg/restaurant-malik-pizza-hamburg-sandweg-11/44896/
1484125202019,10,https://pizza.de/lieferservice/hamburg/restaurant-bistro-belachan-hamburg-hoheluftchaussee-911/40134/
1484128802189,10,https://pizza.de/lieferservice/hamburg/restaurant-blizzeria-hamburg-schlueterstr-861/7943/
1484128802189,16,https://pizza.de/lieferservice/hamburg/restaurant-malik-pizza-hamburg-sandweg-11/44896/
1484128802189,10,https://pizza.deundefined
1484132402155,10,https://pizza.de/lieferservice/hamburg/restaurant-blizzeria-hamburg-schlueterstr-861/7943/
1484132402155,16,https://pizza.de/lieferservice/hamburg/restaurant-malik-pizza-hamburg-sandweg-11/44896/
1484132402155,10,https://pizza.de/lieferservice/hamburg/restaurant-bistro-belachan-hamburg-hoheluftchaussee-911/40134/
1484132402155,15,https://pizza.de/lieferservice/hamburg/restaurant-restaurant-zala/39895/
1484132402155,16,https://pizza.deundefined
1484132402155,15,https://pizza.deundefined
1484132402155,10,https://pizza.deundefined
1484132402155,10,https://pizza.deundefined
1484136001965,10,https://pizza.de/lieferservice/hamburg/restaurant-blizzeria-hamburg-schlueterstr-861/7943/
1484136001965,16,https://pizza.de/lieferservice/hamburg/restaurant-malik-pizza-hamburg-sandweg-11/44896/
1484136001965,15,https://pizza.de/lieferservice/hamburg/restaurant-restaurant-zala/39895/
1484136001965,10,https://pizza.de/lieferservice/hamburg/restaurant-bistro-belachan-hamburg-hoheluftchaussee-911/40134/
1484136001965,16,https://pizza.deundefined
1484136001965,15,https://pizza.deundefined
1484136001965,10,https://pizza.deundefined
1484136001965,10,https://pizza.deundefined
1484139603462,10,https://pizza.de/lieferservice/hamburg/restaurant-blizzeria-hamburg-schlueterstr-861/7943/
1484139603462,16,https://pizza.de/lieferservice/hamburg/restaurant-malik-pizza-hamburg-sandweg-11/44896/
1484139603462,15,https://pizza.de/lieferservice/hamburg/restaurant-restaurant-zala/39895/
1484139603462,10,https://pizza.de/lieferservice/hamburg/restaurant-bistro-belachan-hamburg-hoheluftchaussee-911/40134/
1484139603462,10,https://pizza.de/lieferservice/hamburg/restaurant-mok-kitchen-hamburg-wexstr-231/37142/
1484139603462,16,https://pizza.deundefined
1484139603462,15,https://pizza.deundefined
1484139603462,10,https://pizza.deundefined
1484139603462,10,https://pizza.deundefined
1484139603462,10,https://pizza.deundefined
1484143202306,10,https://pizza.de/lieferservice/hamburg/restaurant-blizzeria-hamburg-schlueterstr-861/7943/
1484143202306,16,https://pizza.de/lieferservice/hamburg/restaurant-malik-pizza-hamburg-sandweg-11/44896/
1484143202306,10,https://pizza.de/lieferservice/hamburg/restaurant-mok-kitchen-hamburg-wexstr-231/37142/
1484143202306,16,https://pizza.deundefined
1484143202306,10,https://pizza.deundefined
1484143202306,10,https://pizza.deundefined
1484146802364,10,https://pizza.de/lieferservice/hamburg/restaurant-blizzeria-hamburg-schlueterstr-861/7943/
1484146802364,16,https://pizza.de/lieferservice/hamburg/restaurant-malik-pizza-hamburg-sandweg-11/44896/
1484146802364,10,https://pizza.de/lieferservice/hamburg/restaurant-mok-kitchen-hamburg-wexstr-231/37142/
1484146802364,10,https://pizza.de/lieferservice/hamburg/restaurant-oxmo-xxl-hamburg-bramfelder-str-971/40598/
1484146802364,16,https://pizza.deundefined
1484146802364,10,https://pizza.deundefined
1484146802364,10,https://pizza.deundefined
1484146802364,10,https://pizza.deundefined
1484150402635,10,https://pizza.de/lieferservice/hamburg/restaurant-blizzeria-hamburg-schlueterstr-861/7943/
1484150402635,16,https://pizza.de/lieferservice/hamburg/restaurant-malik-pizza-hamburg-sandweg-11/44896/
1484150402635,10,https://pizza.de/lieferservice/hamburg/restaurant-mok-kitchen-hamburg-wexstr-231/37142/
1484150402635,10,https://pizza.de/lieferservice/hamburg/restaurant-bistro-belachan-hamburg-hoheluftchaussee-911/40134/
1484150402635,10,https://pizza.de/lieferservice/hamburg/restaurant-yummybus-hamburg-lagerstr-151/40673/
1484150402635,10,https://pizza.de/lieferservice/hamburg/restaurant-oxmo-xxl-hamburg-bramfelder-str-971/40598/
1484150402635,16,https://pizza.deundefined
1484150402635,10,https://pizza.deundefined
1484150402635,10,https://pizza.deundefined
1484150402635,10,https://pizza.deundefined
1484150402635,10,https://pizza.deundefined
1484150402635,10,https://pizza.deundefined
1484154002943,10,https://pizza.de/lieferservice/hamburg/restaurant-blizzeria-hamburg-schlueterstr-861/7943/
1484154002943,16,https://pizza.de/lieferservice/hamburg/restaurant-malik-pizza-hamburg-sandweg-11/44896/
1484154002943,10,https://pizza.de/lieferservice/hamburg/restaurant-bistro-belachan-hamburg-hoheluftchaussee-911/40134/
1484154002943,11,https://pizza.de/lieferservice/hamburg/restaurant-sushiup-hamburg-gaertnerstr-68b1/40851/
1484154002943,10,https://pizza.de/lieferservice/hamburg/restaurant-yummybus-hamburg-lagerstr-151/40673/
1484154002943,10,https://pizza.de/lieferservice/hamburg/restaurant-oxmo-xxl-hamburg-bramfelder-str-971/40598/
1484154002943,10,https://pizza.de/lieferservice/hamburg/restaurant-curry-lounge-hamburg-steindamm-791/35745/
1484154002943,16,https://pizza.deundefined
1484154002943,11,https://pizza.deundefined
1484154002943,10,https://pizza.deundefined
1484154002943,10,https://pizza.deundefined
1484154002943,10,https://pizza.deundefined
1484154002943,10,https://pizza.deundefined
1484154002943,10,https://pizza.deundefined
1484157601072,10,https://pizza.de/lieferservice/hamburg/restaurant-blizzeria-hamburg-schlueterstr-861/7943/
1484157601072,10,https://pizza.de/lieferservice/hamburg/restaurant-le-hanse-hamburg-vizelinstr-8b1/38459/
1484157601072,16,https://pizza.de/lieferservice/hamburg/restaurant-malik-pizza-hamburg-sandweg-11/44896/
1484157601072,11,https://pizza.de/lieferservice/hamburg/restaurant-sushiup-hamburg-gaertnerstr-68b1/40851/
1484157601072,10,https://pizza.de/lieferservice/hamburg/restaurant-yummybus-hamburg-lagerstr-151/40673/
1484157601072,10,https://pizza.de/lieferservice/hamburg/restaurant-oxmo-xxl-hamburg-bramfelder-str-971/40598/
1484157601072,10,https://pizza.de/lieferservice/hamburg/restaurant-curry-lounge-hamburg-steindamm-791/35745/
1484157601072,16,https://pizza.deundefined
1484157601072,11,https://pizza.deundefined
1484157601072,10,https://pizza.deundefined
1484157601072,10,https://pizza.deundefined
1484157601072,10,https://pizza.deundefined
1484157601072,10,https://pizza.deundefined
1484157601072,10,https://pizza.deundefined
1484161201128,10,https://pizza.de/lieferservice/hamburg/restaurant-blizzeria-hamburg-schlueterstr-861/7943/
1484161201128,16,https://pizza.de/lieferservice/hamburg/restaurant-malik-pizza-hamburg-sandweg-11/44896/
1484161201128,11,https://pizza.de/lieferservice/hamburg/restaurant-little-buddha-lieferservice-hamburg-hellkamp-111/30250/
1484161201128,11,https://pizza.de/lieferservice/hamburg/restaurant-sushiup-hamburg-gaertnerstr-68b1/40851/
1484161201128,10,https://pizza.de/lieferservice/hamburg/restaurant-le-hanse-hamburg-vizelinstr-8b1/38459/
1484161201128,10,https://pizza.de/lieferservice/hamburg/restaurant-oxmo-xxl-hamburg-bramfelder-str-971/40598/
1484161201128,10,https://pizza.de/lieferservice/hamburg/restaurant-curry-lounge-hamburg-steindamm-791/35745/
1484161201128,16,https://pizza.deundefined
1484161201128,11,https://pizza.deundefined
1484161201128,11,https://pizza.deundefined
1484161201128,10,https://pizza.deundefined
1484161201128,10,https://pizza.deundefined
1484161201128,10,https://pizza.deundefined
1484161201128,10,https://pizza.deundefined
1484164802039,10,https://pizza.de/lieferservice/hamburg/restaurant-blizzeria-hamburg-schlueterstr-861/7943/
1484164802039,10,https://pizza.de/lieferservice/hamburg/restaurant-le-hanse-hamburg-vizelinstr-8b1/38459/
1484164802039,16,https://pizza.de/lieferservice/hamburg/restaurant-malik-pizza-hamburg-sandweg-11/44896/
1484164802039,11,https://pizza.de/lieferservice/hamburg/restaurant-little-buddha-lieferservice-hamburg-hellkamp-111/30250/
1484164802039,10,https://pizza.de/lieferservice/hamburg/restaurant-oxmo-xxl-hamburg-bramfelder-str-971/40598/
1484164802039,10,https://pizza.de/lieferservice/hamburg/restaurant-curry-lounge-hamburg-steindamm-791/35745/
1484164802039,16,https://pizza.deundefined
1484164802039,11,https://pizza.deundefined
1484164802039,10,https://pizza.deundefined
1484164802039,10,https://pizza.deundefined
1484164802039,10,https://pizza.deundefined
1484164802039,10,https://pizza.deundefined
1484168401515,10,https://pizza.de/lieferservice/hamburg/restaurant-blizzeria-hamburg-schlueterstr-861/7943/
1484168401515,10,https://pizza.de/lieferservice/hamburg/restaurant-le-hanse-hamburg-vizelinstr-8b1/38459/
1484168401515,16,https://pizza.de/lieferservice/hamburg/restaurant-malik-pizza-hamburg-sandweg-11/44896/
1484168401515,10,https://pizza.de/lieferservice/hamburg/restaurant-curry-lounge-hamburg-steindamm-791/35745/
1484168401515,10,https://pizza.de/lieferservice/hamburg/restaurant-burger-lounge-hamburg-luebecker-str-251/30520/
1484168401515,10,https://pizza.de/lieferservice/hamburg/restaurant-oxmo-xxl-hamburg-bramfelder-str-971/40598/
1484168401515,16,https://pizza.deundefined
1484168401515,10,https://pizza.deundefined
1484168401515,10,https://pizza.deundefined
1484168401515,10,https://pizza.deundefined
1484168401515,10,https://pizza.deundefined
1484168401515,10,https://pizza.deundefined
1484172001459,16,https://pizza.de/lieferservice/hamburg/restaurant-malik-pizza-hamburg-sandweg-11/44896/
1484172001459,10,https://pizza.de/lieferservice/hamburg/restaurant-blizzeria-hamburg-schlueterstr-861/7943/
1484172001459,16,https://pizza.deundefined
1484190001921,16,https://pizza.de/lieferservice/hamburg/restaurant-malik-pizza-hamburg-sandweg-11/44896/
1484193601933,16,https://pizza.de/lieferservice/hamburg/restaurant-malik-pizza-hamburg-sandweg-11/44896/
1484197202288,10,https://pizza.de/lieferservice/hamburg/restaurant-blizzeria-hamburg-schlueterstr-861/7943/
1484197202288,16,https://pizza.de/lieferservice/hamburg/restaurant-malik-pizza-hamburg-sandweg-11/44896/
1484200802153,10,https://pizza.de/lieferservice/hamburg/restaurant-blizzeria-hamburg-schlueterstr-861/7943/
1484200802153,16,https://pizza.de/lieferservice/hamburg/restaurant-malik-pizza-hamburg-sandweg-11/44896/
1484215202108,10,https://pizza.de/lieferservice/hamburg/restaurant-blizzeria-hamburg-schlueterstr-861/7943/
1484215202108,16,https://pizza.de/lieferservice/hamburg/restaurant-malik-pizza-hamburg-sandweg-11/44896/
1484215202108,10,https://pizza.deundefined
1484226002987,10,https://pizza.de/lieferservice/hamburg/restaurant-blizzeria-hamburg-schlueterstr-861/7943/
1484226002987,16,https://pizza.de/lieferservice/hamburg/restaurant-malik-pizza-hamburg-sandweg-11/44896/
1484226002987,15,https://pizza.de/lieferservice/hamburg/restaurant-restaurant-zala/39895/
1484226002987,11,https://pizza.de/lieferservice/hamburg/restaurant-little-buddha-lieferservice-hamburg-hellkamp-111/30250/
1484226002987,10,https://pizza.de/lieferservice/hamburg/restaurant-mok-kitchen-hamburg-wexstr-231/37142/
1484226002987,10,https://pizza.de/lieferservice/hamburg/restaurant-bistro-belachan-hamburg-hoheluftchaussee-911/40134/
1484226002987,16,https://pizza.deundefined
1484226002987,15,https://pizza.deundefined
1484226002987,11,https://pizza.deundefined
1484226002987,10,https://pizza.deundefined
1484226002987,10,https://pizza.deundefined
1484226002987,10,https://pizza.deundefined
1484229602413,10,https://pizza.de/lieferservice/hamburg/restaurant-blizzeria-hamburg-schlueterstr-861/7943/
1484229602413,10,https://pizza.deundefined
1484229602413,10,https://pizza.deundefined
1484229602413,16,https://pizza.de/lieferservice/hamburg/restaurant-malik-pizza-hamburg-sandweg-11/44896/
1484229602413,10,https://pizza.de/lieferservice/hamburg/restaurant-mok-kitchen-hamburg-wexstr-231/37142/
1484229602413,16,https://pizza.deundefined
1484236801769,10,https://pizza.de/lieferservice/hamburg/restaurant-blizzeria-hamburg-schlueterstr-861/7943/
1484236801769,16,https://pizza.de/lieferservice/hamburg/restaurant-malik-pizza-hamburg-sandweg-11/44896/
1484236801769,10,https://pizza.de/lieferservice/hamburg/restaurant-mok-kitchen-hamburg-wexstr-231/37142/
1484236801769,10,https://pizza.de/lieferservice/hamburg/restaurant-bistro-belachan-hamburg-hoheluftchaussee-911/40134/
1484236801769,10,https://pizza.de/lieferservice/hamburg/restaurant-yummybus-hamburg-lagerstr-151/40673/
1484236801769,10,https://pizza.de/lieferservice/hamburg/restaurant-oxmo-xxl-hamburg-bramfelder-str-971/40598/
1484236801769,16,https://pizza.deundefined
1484236801769,10,https://pizza.deundefined
1484236801769,10,https://pizza.deundefined
1484236801769,10,https://pizza.deundefined
1484236801769,10,https://pizza.deundefined
1484236801769,10,https://pizza.deundefined
1484254802034,10,https://pizza.de/lieferservice/hamburg/restaurant-blizzeria-hamburg-schlueterstr-861/7943/
1484254802034,10,https://pizza.de/lieferservice/hamburg/restaurant-burger-lounge-hamburg-luebecker-str-251/30520/
1484254802034,10,https://pizza.de/lieferservice/hamburg/restaurant-oxmo-xxl-hamburg-bramfelder-str-971/40598/
1484254802034,25,https://pizza.de/lieferservice/hamburg/restaurant-sen-dai-sushi-hamburg-kieler-str-2691/37608/
1484254802034,25,https://pizza.deundefined
1484254802034,16,https://pizza.deundefined
1484254802034,16,https://pizza.de/lieferservice/hamburg/restaurant-malik-pizza-hamburg-sandweg-11/44896/
1484254802034,10,https://pizza.deundefined
1484254802034,10,https://pizza.deundefined
1484254802034,10,https://pizza.deundefined
1484254802034,10,https://pizza.deundefined
1484254802034,10,https://pizza.de/lieferservice/hamburg/restaurant-curry-lounge-hamburg-steindamm-791/35745/
